t,BTC price,predicted_direction,profit
2024-02-02,43252.0,1,15083.414366644776
2024-02-01,43087.0,1,15054.217460041564
2024-01-31,42583.0,1,15054.217460041564
2024-01-30,43031.0,1,15054.217460041564
2024-01-29,43307.0,1,15054.217460041564
2024-01-28,42025.0,1,15054.217460041564
2024-01-27,42142.0,0,15051.441132387443
2024-01-26,41790.0,1,14994.85344277982
2024-01-25,39885.0,1,14994.85344277982
2024-01-24,40077.0,0,14990.062665026995
2024-01-23,39880.0,1,14975.942874546467
2024-01-22,39519.0,1,14975.942874546467
2024-01-21,41619.0,0,14924.68729284963
2024-01-20,41654.0,0,14924.68729284963
2024-01-19,41624.0,1,14949.480681279383
2024-01-18,41196.0,1,14949.480681279383
2024-01-17,42713.0,1,14949.480681279383
2024-01-16,43115.0,0,14940.156780084902
2024-01-15,42523.0,1,14934.277583575093
2024-01-14,42078.0,1,14934.277583575093
2024-01-13,42807.0,1,14934.277583575093
2024-01-12,42964.0,1,14934.277583575093
2024-01-11,46319.0,1,14934.277583575093
2024-01-10,46662.0,1,14934.277583575093
2024-01-09,45973.0,1,14934.277583575093
2024-01-08,47109.0,1,14934.277583575093
2024-01-07,43905.0,1,14934.277583575093
2024-01-06,44007.0,1,14934.277583575093
2024-01-05,44175.0,1,14934.277583575093
2024-01-04,44252.0,1,14934.277583575093
2024-01-03,42863.0,1,14934.277583575093
2024-01-02,45008.0,0,14886.619389476265
2024-01-01,44646.0,1,14817.037640426835
2023-12-31,42479.0,1,14817.037640426835
2023-12-30,42172.0,1,14817.037640426835
2023-12-29,42080.0,1,14817.037640426835
2023-12-28,42701.0,0,14802.49465548503
2023-12-27,43456.0,1,14826.025412402478
2023-12-26,42502.0,1,14826.025412402478
2023-12-25,43571.0,1,14826.025412402478
2023-12-24,43005.0,1,14826.025412402478
2023-12-23,43730.0,1,14826.025412402478
2023-12-22,44007.0,0,14819.730959247298
2023-12-21,43871.0,1,14804.996592894226
2023-12-20,43548.0,1,14804.996592894226
2023-12-19,42264.0,1,14804.996592894226
2023-12-18,42626.0,1,14804.996592894226
2023-12-17,41380.0,1,14804.996592894226
2023-12-16,42247.0,1,14804.996592894226
2023-12-15,42012.0,1,14804.996592894226
2023-12-14,43012.0,1,14804.996592894226
2023-12-13,42874.0,1,14804.996592894226
2023-12-12,41464.0,1,14804.996592894226
2023-12-11,41238.0,1,14804.996592894226
2023-12-10,43776.0,1,14804.996592894226
2023-12-09,43704.0,1,14804.996592894226
2023-12-08,44153.0,1,14804.996592894226
2023-12-07,43368.0,1,14804.996592894226
2023-12-06,43784.0,0,14788.35335675981
2023-12-05,44102.0,0,14788.35335675981
2023-12-04,41985.0,1,14597.598166004618
2023-12-03,39996.0,1,14597.598166004618
2023-12-02,39475.0,1,14597.598166004618
2023-12-01,38666.0,1,14597.598166004618
2023-11-30,37721.0,1,14597.598166004618
2023-11-29,37864.0,1,14597.598166004618
2023-11-28,37773.0,1,14597.598166004618
2023-11-27,37290.0,1,14597.598166004618
2023-11-26,37466.0,1,14597.598166004618
2023-11-25,37787.0,1,14597.598166004618
2023-11-24,37732.0,1,14597.598166004618
2023-11-23,37302.0,1,14597.598166004618
2023-11-22,37425.0,1,14597.598166004618
2023-11-21,35763.0,1,14597.598166004618
2023-11-20,37531.0,1,14597.598166004618
2023-11-19,37338.0,1,14597.598166004618
2023-11-18,36555.0,1,14597.598166004618
2023-11-17,36606.0,1,14597.598166004618
2023-11-16,36118.0,1,14597.598166004618
2023-11-15,37894.0,1,14597.598166004618
2023-11-14,35550.0,1,14597.598166004618
2023-11-13,36444.0,1,14597.598166004618
2023-11-12,37037.0,1,14597.598166004618
2023-11-11,37128.0,0,14589.961919286865
2023-11-10,37322.0,0,14589.961919286865
2023-11-09,36672.0,1,14523.527653492654
2023-11-08,35645.0,1,14523.527653492654
2023-11-07,35440.0,1,14523.527653492654
2023-11-06,34997.0,1,14523.527653492654
2023-11-05,35038.0,0,14520.564774942186
2023-11-04,35101.0,0,14520.564774942186
2023-11-03,34723.0,1,14509.678618792084
2023-11-02,34937.0,0,14485.37267296765
2023-11-01,35588.0,0,14485.37267296765
2023-10-31,34610.0,1,14453.956025622414
2023-10-30,34504.0,1,14453.956025622414
2023-10-29,34575.0,0,14451.902518753288
2023-10-28,34052.0,1,14432.261715426737
2023-10-27,33909.0,1,14432.261715426737
2023-10-26,34111.0,0,14414.305794316946
2023-10-25,34529.0,0,14414.305794316946
2023-10-24,33936.0,1,14195.534836708672
2023-10-23,33060.0,1,14195.534836708672
2023-10-22,29988.0,1,14195.534836708672
2023-10-21,29920.0,1,14195.534836708672
2023-10-20,29681.0,1,14195.534836708672
2023-10-19,28782.0,1,14195.534836708672
2023-10-18,28331.0,1,14195.534836708672
2023-10-17,28442.0,0,14188.768604763643
2023-10-16,28524.0,0,14188.768604763643
2023-10-15,27188.0,1,14126.857283517227
2023-10-14,26861.0,1,14126.857283517227
2023-10-13,26868.0,0,14126.596750541195
2023-10-12,26745.0,1,14121.997760075688
2023-10-11,26859.0,0,14077.927419093488
2023-10-10,27394.0,0,14077.927419093488
2023-10-09,27585.0,0,14077.927419093488
2023-10-08,27867.0,0,14077.927419093488
2023-10-07,27978.0,0,14077.927419093488
2023-10-06,27946.0,1,14057.763335228401
2023-10-05,27425.0,1,14057.763335228401
2023-10-04,27783.0,0,14044.877757716973
2023-10-03,27425.0,1,14031.823974672307
2023-10-02,27516.0,0,14011.428203847903
2023-10-01,27996.0,0,14011.428203847903
2023-09-30,26984.0,1,13973.92449794811
2023-09-29,26904.0,0,13969.791046516164
2023-09-28,27096.0,0,13969.791046516164
2023-09-27,26353.0,1,13936.144903233948
2023-09-26,26214.0,1,13936.144903233948
2023-09-25,26297.0,0,13932.988649668903
2023-09-24,26231.0,1,13930.472542772482
2023-09-23,26576.0,0,13916.415034785263
2023-09-22,26605.0,0,13916.415034785263
2023-09-21,26591.0,1,13915.888540858747
2023-09-20,27109.0,0,13892.924108172092
2023-09-19,27216.0,0,13892.924108172092
2023-09-18,26754.0,1,13866.563660157612
2023-09-17,26533.0,1,13866.563660157612
2023-09-16,26517.0,1,13866.563660157612
2023-09-15,26632.0,0,13862.24554661
2023-09-14,26531.0,1,13803.78205151839
2023-09-13,26218.0,1,13803.78205151839
2023-09-12,25832.0,1,13803.78205151839
2023-09-11,25161.0,1,13803.78205151839
2023-09-10,25849.0,0,13774.986745230515
2023-09-09,25880.0,0,13774.986745230515
2023-09-08,25907.0,0,13774.986745230515
2023-09-07,26217.0,1,13768.850584602918
2023-09-06,25749.0,1,13768.850584602918
2023-09-05,25809.0,0,13766.525814173998
2023-09-04,25805.0,1,13766.370805454757
2023-09-03,25943.0,0,13761.051451486443
2023-09-02,25858.0,1,13757.764267636183
2023-09-01,25789.0,0,13690.592550464466
2023-08-31,25937.0,0,13690.592550464466
2023-08-30,27306.0,0,13690.592550464466
2023-08-29,27720.0,0,13690.592550464466
2023-08-28,26089.0,1,13623.98744830586
2023-08-27,26082.0,1,13623.98744830586
2023-08-26,25989.0,1,13623.98744830586
2023-08-25,26045.0,0,13607.190262969349
2023-08-24,26122.0,0,13607.190262969349
2023-08-23,26433.0,0,13607.190262969349
2023-08-22,26032.0,1,13591.786144960744
2023-08-21,26132.0,0,13585.791261612774
2023-08-20,26189.0,0,13585.791261612774
2023-08-19,26095.0,1,13605.040035158818
2023-08-18,26050.0,1,13605.040035158818
2023-08-17,26703.0,1,13605.040035158818
2023-08-16,28705.0,0,13513.428931607314
2023-08-15,29184.0,0,13513.428931607314
2023-08-14,29396.0,0,13513.428931607314
2023-08-13,29279.0,1,13509.432893491257
2023-08-12,29414.0,0,13504.843242304747
2023-08-11,29407.0,1,13504.6052037425
2023-08-10,29423.0,0,13504.061411471148
2023-08-09,29583.0,1,13509.46992311635
2023-08-08,29767.0,0,13503.28858136206
2023-08-07,29167.0,1,13482.717387889985
2023-08-06,29043.0,0,13486.986919274485
2023-08-05,29036.0,1,13486.745839235911
2023-08-04,29081.0,0,13485.198437152076
2023-08-03,29177.0,1,13487.633947580176
2023-08-02,29152.0,1,13487.633947580176
2023-08-01,29729.0,0,13468.225289367656
2023-07-31,29217.0,1,13450.701245146825
2023-07-30,29293.0,0,13446.407205682559
2023-07-29,29343.0,0,13446.407205682559
2023-07-28,29311.0,1,13442.678670415404
2023-07-27,29234.0,1,13442.678670415404
2023-07-26,29349.0,0,13438.760308631356
2023-07-25,29218.0,1,13432.554878022469
2023-07-24,29168.0,1,13432.554878022469
2023-07-23,30080.0,0,13402.235729086298
2023-07-22,29822.0,1,13393.584397854322
2023-07-21,29908.0,0,13390.708913034206
2023-07-20,29797.0,1,13386.983705798579
2023-07-19,29915.0,0,13383.039196355156
2023-07-18,29857.0,1,13390.636064720336
2023-07-17,30144.0,1,13390.636064720336
2023-07-16,30281.0,0,13385.35623367493
2023-07-15,30304.0,0,13385.35623367493
2023-07-14,30317.0,1,13385.785035997058
2023-07-13,31465.0,0,13349.300052682263
2023-07-12,30400.0,1,13314.267157945422
2023-07-11,30621.0,0,13313.314119725303
2023-07-10,30429.0,0,13313.314119725303
2023-07-09,30142.0,1,13303.79252195475
2023-07-08,30298.0,0,13296.90642264995
2023-07-07,30351.0,0,13296.90642264995
2023-07-06,29947.0,1,13283.415922766824
2023-07-05,30471.0,0,13256.574210876532
2023-07-04,30773.0,0,13256.574210876532
2023-07-03,31155.0,1,13253.346721797832
2023-07-02,30614.0,1,13253.346721797832
2023-07-01,30584.0,1,13253.346721797832
2023-06-30,30510.0,1,13253.346721797832
2023-06-29,30463.0,1,13253.346721797832
2023-06-28,30097.0,1,13253.346721797832
2023-06-27,30674.0,1,13253.346721797832
2023-06-26,30271.0,0,13252.109420417264
2023-06-25,30457.0,0,13252.109420417264
2023-06-24,30530.0,0,13252.109420417264
2023-06-23,30712.0,0,13252.109420417264
2023-06-22,29945.0,1,13226.495795438135
2023-06-21,30195.0,0,13282.719561795582
2023-06-20,28351.0,0,13282.719561795582
2023-06-19,26789.0,1,13186.138761919354
2023-06-18,26375.0,1,13186.138761919354
2023-06-17,26509.0,1,13186.138761919354
2023-06-16,26328.0,1,13186.138761919354
2023-06-15,25462.0,1,13186.138761919354
2023-06-14,25112.0,1,13186.138761919354
2023-06-13,25941.0,1,13186.138761919354
2023-06-12,25976.0,1,13186.138761919354
2023-06-11,25919.0,1,13186.138761919354
2023-06-10,25854.0,1,13186.138761919354
2023-06-09,26471.0,0,13162.83023560754
2023-06-08,26512.0,1,13157.169571524264
2023-06-07,26322.0,1,13157.169571524264
2023-06-06,27235.0,0,13123.646531318645
2023-06-05,25745.0,1,13116.881781947064
2023-06-04,27103.0,1,13116.881781947064
2023-06-03,27052.0,1,13116.881781947064
2023-06-02,27224.0,0,13110.563827201251
2023-06-01,26821.0,1,13095.538287512201
2023-05-31,27248.0,0,13044.685431683763
2023-05-30,27691.0,0,13044.685431683763
2023-05-29,27741.0,0,13044.685431683763
2023-05-28,28258.0,0,13044.685431683763
2023-05-27,26848.0,1,12988.469538733176
2023-05-26,26709.0,1,12988.469538733176
2023-05-25,26475.0,1,12988.469538733176
2023-05-24,26350.0,1,12988.469538733176
2023-05-23,27222.0,1,12988.469538733176
2023-05-22,26862.0,1,12988.469538733176
2023-05-21,26754.0,1,12988.469538733176
2023-05-20,27102.0,0,12975.62915794947
2023-05-19,26849.0,1,12966.206088188957
2023-05-18,26872.0,0,12946.59752907116
2023-05-17,27386.0,0,12946.59752907116
2023-05-16,27026.0,1,12924.197768001944
2023-05-15,27190.0,1,12924.197768001944
2023-05-14,26929.0,1,12924.197768001944
2023-05-13,26786.0,1,12924.197768001944
2023-05-12,26797.0,0,12888.798581859124
2023-05-11,26997.0,0,12888.798581859124
2023-05-10,27619.0,0,12888.798581859124
2023-05-09,27769.0,0,12888.798581859124
2023-05-08,27678.0,1,12885.510772046277
2023-05-07,28474.0,0,12822.98536898436
2023-05-06,28858.0,0,12822.98536898436
2023-05-05,29524.0,0,12822.98536898436
2023-05-04,28855.0,1,12799.800479017284
2023-05-03,29005.0,0,12794.62895686593
2023-05-02,28676.0,1,12759.290745193612
2023-05-01,28015.0,1,12759.290745193612
2023-04-30,29289.0,0,12715.793186383136
2023-04-29,29267.0,1,12715.041486516393
2023-04-28,29355.0,0,12743.650069091165
2023-04-27,29487.0,0,12743.650069091165
2023-04-26,28453.0,0,12743.650069091165
2023-04-25,28385.0,1,12709.371624889058
2023-04-24,27510.0,1,12709.371624889058
2023-04-23,27593.0,0,12697.83772384346
2023-04-22,27831.0,0,12697.83772384346
2023-04-21,27281.0,1,12677.677172544021
2023-04-20,28268.0,0,12623.128567449583
2023-04-19,28855.0,0,12623.128567449583
2023-04-18,30402.0,1,12643.598388890277
2023-04-17,29458.0,1,12643.598388890277
2023-04-16,30313.0,0,12615.392668572262
2023-04-15,30316.0,1,12615.491626218389
2023-04-14,30469.0,0,12611.810805921294
2023-04-13,30428.0,0,12611.810805921294
2023-04-12,29985.0,1,12597.036752227781
2023-04-11,30261.0,0,12587.916101885756
2023-04-10,29673.0,1,12520.546344205251
2023-04-09,28351.0,1,12520.546344205251
2023-04-08,27955.0,0,12526.400314261307
2023-04-07,27932.0,0,12526.400314261307
2023-04-06,28056.0,0,12526.400314261307
2023-04-05,28102.0,0,12526.400314261307
2023-04-04,28186.0,0,12526.400314261307
2023-04-03,27825.0,1,12513.426369966608
2023-04-02,28192.0,0,12488.544645768256
2023-04-01,28535.0,0,12488.544645768256
2023-03-31,28512.0,1,12470.600867229443
2023-03-30,28032.0,1,12470.600867229443
2023-03-29,28402.0,0,12457.573615627443
2023-03-28,27290.0,1,12410.224991097612
2023-03-27,27118.0,1,12410.224991097612
2023-03-26,28005.0,0,12378.552075546817
2023-03-25,27657.0,1,12357.291773599476
2023-03-24,27644.0,1,12357.291773599476
2023-03-23,28454.0,1,12357.291773599476
2023-03-22,27422.0,1,12357.291773599476
2023-03-21,28257.0,0,12327.741573649022
2023-03-20,27984.0,1,12317.985999034956
2023-03-19,28225.0,0,12309.44746936268
2023-03-18,27155.0,1,12270.04404457903
2023-03-17,27534.0,0,12256.27924469525
2023-03-16,25036.0,1,12128.806987211936
2023-03-15,24421.0,1,12128.806987211936
2023-03-14,24712.0,0,12117.031331659977
2023-03-13,24202.0,1,11892.088335724615
2023-03-12,22184.0,1,11892.088335724615
2023-03-11,20513.0,1,11892.088335724615
2023-03-10,20174.0,1,11892.088335724615
2023-03-09,20377.0,0,11791.308304523367
2023-03-08,21722.0,0,11791.308304523367
2023-03-07,22218.0,0,11791.308304523367
2023-03-06,22414.0,0,11791.308304523367
2023-03-05,22435.0,0,11791.308304523367
2023-03-04,22370.0,1,11787.594990278556
2023-03-03,22352.0,1,11787.594990278556
2023-03-02,23469.0,0,11733.751441345268
2023-03-01,23624.0,0,11733.751441345268
2023-02-28,23204.0,1,11715.651113815531
2023-02-27,23514.0,0,11702.006055367072
2023-02-26,23525.0,0,11702.006055367072
2023-02-25,23145.0,1,11685.5878224874
2023-02-24,23224.0,0,11619.155102255067
2023-02-23,23959.0,0,11619.155102255067
2023-02-22,24148.0,0,11619.155102255067
2023-02-21,24422.0,0,11619.155102255067
2023-02-20,24792.0,0,11619.155102255067
2023-02-19,24284.0,1,11598.235978552217
2023-02-18,24641.0,0,11583.747930177557
2023-02-17,24632.0,1,11539.195153577302
2023-02-16,23590.0,1,11539.195153577302
2023-02-15,24328.0,0,11508.859737595718
2023-02-14,22216.0,1,11393.101161187718
2023-02-13,21804.0,1,11393.101161187718
2023-02-12,21815.0,0,11390.220107545243
2023-02-11,21867.0,0,11390.220107545243
2023-02-10,21643.0,1,11379.870340877036
2023-02-09,21832.0,0,11310.071913920403
2023-02-08,22964.0,0,11310.071913920403
2023-02-07,23267.0,0,11310.071913920403
2023-02-06,22836.0,1,11291.198205740337
2023-02-05,22981.0,0,11251.985819338452
2023-02-04,23340.0,0,11251.985819338452
2023-02-03,23391.0,0,11251.985819338452
2023-02-02,23570.0,0,11251.985819338452
2023-02-01,23768.0,0,11251.985819338452
2023-01-31,23066.0,1,11211.492013796273
2023-01-30,22843.0,1,11211.492013796273
2023-01-29,23763.0,0,11172.776363415429
2023-01-28,23027.0,1,11140.813884586229
2023-01-27,23082.0,0,11138.4310754709
2023-01-26,23033.0,1,11136.303693019634
2023-01-25,23118.0,0,11132.626904370098
2023-01-24,22661.0,1,11112.460097962614
2023-01-23,22983.0,0,11098.449742482477
2023-01-22,22727.0,1,11087.185607312855
2023-01-21,22853.0,0,11081.672107991102
2023-01-20,22653.0,1,10989.533517787995
2023-01-19,21085.0,1,10989.533517787995
2023-01-18,20738.0,1,10989.533517787995
2023-01-17,21159.0,1,10989.533517787995
2023-01-16,21145.0,1,10989.533517787995
2023-01-15,20925.0,1,10989.533517787995
2023-01-14,20934.0,0,10989.103595174065
2023-01-13,19984.35,1,10754.564816361379
2023-01-12,18862.31,1,10754.564816361379
2023-01-11,17994.56,1,10754.564816361379
2023-01-10,17450.63,1,10754.564816361379
2023-01-09,17194.91,1,10754.564816361379
2023-01-08,17082.58,1,10754.564816361379
2023-01-07,16956.94,1,10754.564816361379
2023-01-06,16957.17,0,10754.55125277736
2023-01-05,16837.68,1,10747.454669400078
2023-01-04,16858.14,0,10746.241012377417
2023-01-03,16668.84,1,10727.11733780754
2023-01-02,16679.75,1,10727.11733780754
2023-01-01,16599.51,1,10727.11733780754
2022-12-31,16541.8,1,10727.11733780754
2022-12-30,16609.13,0,10720.941757634042
2022-12-29,16644.59,0,10720.941757634042
2022-12-28,16541.56,1,10714.713203616162
2022-12-27,16699.06,0,10705.28153500727
2022-12-26,16907.44,1,10713.811036180477
2022-12-25,16842.72,1,10713.811036180477
2022-12-24,16843.54,0,10713.76235282769
2022-12-23,16791.49,1,10710.662568353531
2022-12-22,16828.62,0,10703.181800770979
2022-12-21,16833.1,0,10703.181800770979
2022-12-20,16918.05,0,10703.181800770979
2022-12-19,16442.72,1,10674.273566610207
2022-12-18,16742.25,0,10653.967349741646
2022-12-17,16783.53,0,10653.967349741646
2022-12-16,16674.82,1,10647.447939037364
2022-12-15,17341.72,0,10582.359453683253
2022-12-14,17835.72,0,10582.359453683253
2022-12-13,17781.21,1,10535.240104509026
2022-12-12,17206.98,1,10535.240104509026
2022-12-11,17033.13,1,10535.240104509026
2022-12-10,17121.26,0,10523.589817371632
2022-12-09,17146.82,0,10523.589817371632
2022-12-08,17233.91,0,10523.589817371632
2022-12-07,16849.19,1,10500.756672276824
2022-12-06,17071.7,0,10487.722820932202
2022-12-05,17002.4,1,10483.64692576446
2022-12-04,17133.54,0,10475.99293248578
2022-12-03,16970.09,1,10466.361280561718
2022-12-02,17164.23,0,10455.050548883104
2022-12-01,16974.19,1,10443.854727462465
2022-11-30,17162.94,0,10432.857194405775
2022-11-29,16457.27,1,10374.985629819172
2022-11-28,16224.03,1,10374.985629819172
2022-11-27,16473.15,0,10350.119872811309
2022-11-26,16473.58,0,10350.119872811309
2022-11-25,16509.55,0,10350.119872811309
2022-11-24,16614.47,0,10350.119872811309
2022-11-23,16637.74,0,10350.119872811309
2022-11-22,16205.33,1,10299.036870197142
2022-11-21,15829.14,1,10299.036870197142
2022-11-20,16215.68,0,10245.351095872167
2022-11-19,16727.15,0,10245.351095872167
2022-11-18,16699.7,1,10243.707353769016
2022-11-17,16894.6,0,10232.17112325749
2022-11-16,16689.91,1,10219.906827044988
2022-11-15,16898.91,0,10207.539165462082
2022-11-14,16638.24,1,10173.531583066553
2022-11-13,16343.12,1,10173.531583066553
2022-11-12,16797.85,0,10103.899919237709
2022-11-11,17100.33,0,10103.899919237709
2022-11-10,17566.29,0,10103.899919237709
2022-11-09,15915.96,1,10000.20966115714
2022-11-08,18570.31,0,9747.788806295703
2022-11-07,20605.0,0,9747.788806295703
2022-11-06,20925.0,0,9747.788806295703
2022-11-05,21290.0,0,9747.788806295703
2022-11-04,21153.0,1,9691.789599907132
2022-11-03,20206.0,1,9691.789599907132
2022-11-02,20161.0,1,9691.789599907132
2022-11-01,20488.0,0,9660.509569155642
2022-10-31,20491.0,0,9660.509569155642
2022-10-30,20628.0,0,9660.509569155642
2022-10-29,20820.0,0,9660.509569155642
2022-10-28,20595.0,0,9660.509569155642
2022-10-27,20287.0,0,9660.509569155642
2022-10-26,20812.0,0,9660.509569155642
2022-10-25,20096.0,1,9583.431074705608
2022-10-24,19322.64,1,9583.431074705608
2022-10-23,19558.15,0,9571.389547260527
2022-10-22,19218.3,1,9545.406535285396
2022-10-21,19171.05,1,9545.406535285396
2022-10-20,19062.84,1,9545.406535285396
2022-10-19,19129.34,0,9531.31928931664
2022-10-18,19335.22,0,9531.31928931664
2022-10-17,19543.42,1,9518.285966217438
2022-10-16,19278.35,1,9518.285966217438
2022-10-15,19086.46,1,9518.285966217438
2022-10-14,19195.67,0,9502.176855213549
2022-10-13,19398.96,0,9502.176855213549
2022-10-12,19152.89,1,9509.436022054637
2022-10-11,19063.11,1,9509.436022054637
2022-10-10,19142.69,1,9509.436022054637
2022-10-09,19443.11,1,9509.436022054637
2022-10-08,19418.11,1,9509.436022054637
2022-10-07,19540.81,1,9509.436022054637
2022-10-06,20031.0,0,9469.813964748892
2022-10-05,20149.0,0,9469.813964748892
2022-10-04,20347.0,0,9469.813964748892
2022-10-03,19621.39,1,9402.795313554441
2022-10-02,19069.02,1,9402.795313554441
2022-10-01,19316.66,0,9377.505722279135
2022-09-30,19448.06,0,9377.505722279135
2022-09-29,19563.78,0,9377.505722279135
2022-09-28,19464.3,1,9359.180449997424
2022-09-27,19207.3,1,9359.180449997424
2022-09-26,19211.72,1,9359.180449997424
2022-09-25,18789.87,0,9372.80057538805
2022-09-24,18953.57,0,9372.80057538805
2022-09-23,19316.27,1,9397.531719453666
2022-09-22,19447.11,1,9397.531719453666
2022-09-21,18479.7,1,9397.531719453666
2022-09-20,18886.64,1,9397.531719453666
2022-09-19,19548.81,1,9397.531719453666
2022-09-18,19434.2,1,9397.531719453666
2022-09-17,20117.0,0,9363.590276892648
2022-09-16,19846.86,1,9338.271001838279
2022-09-15,19620.23,1,9338.271001838279
2022-09-14,20236.0,0,9307.84156914407
2022-09-13,20178.0,1,9304.967151461446
2022-09-12,22354.0,0,9207.624394013113
2022-09-11,21772.0,1,9023.078076206659
2022-09-10,21719.0,1,9023.078076206659
2022-09-09,21383.0,1,9023.078076206659
2022-09-08,19374.22,1,9023.078076206659
2022-09-07,19349.67,1,9023.078076206659
2022-09-06,18871.36,1,9023.078076206659
2022-09-05,19787.45,0,8968.511416186439
2022-09-04,19960.54,0,8968.511416186439
2022-09-03,19826.13,1,8961.731979150567
2022-09-02,19964.29,0,8954.8116228544
2022-09-01,20141.0,1,8939.531791814365
2022-08-31,20023.0,1,8939.531791814365
2022-08-30,19910.5,1,8939.531791814365
2022-08-29,20270.0,1,8939.531791814365
2022-08-28,19663.83,1,8939.531791814365
2022-08-27,20055.0,0,8910.681041122938
2022-08-26,20248.0,0,8910.681041122938
2022-08-25,21590.0,1,8964.645438637304
2022-08-24,21370.0,1,8964.645438637304
2022-08-23,21538.0,1,8964.645438637304
2022-08-22,21403.0,1,8964.645438637304
2022-08-21,21523.0,0,8959.070007702956
2022-08-20,21173.0,1,8930.786600316782
2022-08-19,20931.0,1,8930.786600316782
2022-08-18,23247.0,0,8787.315634158907
2022-08-17,23412.0,0,8787.315634158907
2022-08-16,23896.0,0,8787.315634158907
2022-08-15,24152.0,0,8787.315634158907
2022-08-14,24339.0,0,8787.315634158907
2022-08-13,24437.0,0,8787.315634158907
2022-08-12,24407.0,1,8765.48832912023
2022-08-11,23915.0,1,8765.48832912023
2022-08-10,24021.0,0,8761.075523658343
2022-08-09,23110.0,1,8725.999899924125
2022-08-08,23812.0,1,8725.999899924125
2022-08-07,23207.0,1,8725.999899924125
2022-08-06,22974.0,0,8736.141799462734
2022-08-05,23237.0,1,8747.459955851253
2022-08-04,22668.0,0,8772.56142047098
2022-08-03,22860.0,1,8787.72412629711
2022-08-02,23017.0,1,8787.72412629711
2022-08-01,23321.0,0,8760.588575343983
2022-07-31,23327.0,0,8760.588575343983
2022-07-30,23659.0,0,8760.588575343983
2022-07-29,23858.0,1,8647.433404552603
2022-07-28,23869.0,1,8647.433404552603
2022-07-27,22914.0,1,8647.433404552603
2022-07-26,21254.0,1,8647.433404552603
2022-07-25,21330.0,0,8585.55134240571
2022-07-24,22656.0,0,8585.55134240571
2022-07-23,22484.0,1,8577.901458043496
2022-07-22,22700.0,0,8541.267497719575
2022-07-21,23143.0,0,8541.267497719575
2022-07-20,23291.0,0,8541.267497719575
2022-07-19,23339.0,0,8541.267497719575
2022-07-18,22443.0,1,8336.226762602904
2022-07-17,20813.0,1,8336.226762602904
2022-07-16,21176.0,1,8336.226762602904
2022-07-15,20850.0,1,8336.226762602904
2022-07-14,20507.0,1,8336.226762602904
2022-07-13,20375.0,1,8336.226762602904
2022-07-12,19367.81,1,8336.226762602904
2022-07-11,19966.92,0,8264.960338895222
2022-07-10,20854.0,0,8264.960338895222
2022-07-09,21584.0,1,8234.267905741463
2022-07-08,21767.0,1,8234.267905741463
2022-07-07,21598.0,1,8234.267905741463
2022-07-06,20568.0,1,8234.267905741463
2022-07-05,20188.0,1,8234.267905741463
2022-07-04,20233.0,1,8234.267905741463
2022-07-03,19310.23,0,8282.054493472422
2022-07-02,19270.23,1,8351.485846178315
2022-07-01,19269.71,1,8351.485846178315
2022-06-30,19627.97,1,8351.485846178315
2022-06-29,20120.0,1,8351.485846178315
2022-06-28,20290.0,1,8351.485846178315
2022-06-27,20751.0,1,8351.485846178315
2022-06-26,21070.0,0,8316.379364266291
2022-06-25,21506.0,0,8316.379364266291
2022-06-24,21261.0,1,8265.101073216772
2022-06-23,21071.0,1,8265.101073216772
2022-06-22,19975.62,1,8265.101073216772
2022-06-21,20689.0,1,8265.101073216772
2022-06-20,20637.0,1,8265.101073216772
2022-06-19,20553.0,1,8265.101073216772
2022-06-18,19000.43,1,8265.101073216772
2022-06-17,20514.0,1,8265.101073216772
2022-06-16,20457.0,1,8265.101073216772
2022-06-15,22575.0,0,8171.280475210128
2022-06-14,22177.0,1,8173.137485423685
2022-06-13,22617.0,1,8173.137485423685
2022-06-12,26672.0,0,7948.329424003339
2022-06-11,28432.0,0,7948.329424003339
2022-06-10,29176.0,0,7948.329424003339
2022-06-09,30087.0,1,7978.608281981868
2022-06-08,30229.0,0,7937.6176212226155
2022-06-07,31248.0,0,7937.6176212226155
2022-06-06,31373.0,0,7937.6176212226155
2022-06-05,29918.0,1,7883.665257867222
2022-06-04,29851.0,1,7883.665257867222
2022-06-03,29767.0,1,7883.665257867222
2022-06-02,30488.0,0,7860.016609218574
2022-06-01,29817.0,1,7837.5126685136065
2022-05-31,31836.0,0,7774.093897311194
2022-05-30,31684.0,1,7689.281139618755
2022-05-29,29493.0,1,7689.281139618755
2022-05-28,29060.0,1,7689.281139618755
2022-05-27,28638.0,1,7689.281139618755
2022-05-26,29347.0,1,7689.281139618755
2022-05-25,29623.0,0,7679.162071922192
2022-05-24,29647.0,0,7679.162071922192
2022-05-23,29259.0,1,7665.901194927079
2022-05-22,30351.0,0,7629.922149755585
2022-05-21,29481.0,1,7619.77104811144
2022-05-20,29293.0,1,7619.77104811144
2022-05-19,30082.0,1,7619.77104811144
2022-05-18,28887.0,1,7619.77104811144
2022-05-17,30614.0,1,7619.77104811144
2022-05-16,30046.0,1,7619.77104811144
2022-05-15,31254.0,0,7581.119995446181
2022-05-14,30200.0,1,7500.152956398002
2022-05-13,29310.0,1,7500.152956398002
2022-05-12,29126.0,1,7500.152956398002
2022-05-11,28913.0,1,7500.152956398002
2022-05-10,31112.0,0,7429.472832972957
2022-05-09,30321.0,1,7403.385302878303
2022-05-08,34050.0,0,7255.769200325733
2022-05-07,35572.0,0,7255.769200325733
2022-05-06,36076.0,1,7269.739707033794
2022-05-05,36630.0,0,7177.220715234226
2022-05-04,39754.0,0,7177.220715234226
2022-05-03,37847.0,1,7126.833630392627
2022-05-02,38559.0,0,7108.368421232639
2022-05-01,38502.0,1,7087.343662858483
2022-04-30,37765.0,1,7087.343662858483
2022-04-29,38651.0,0,7037.597802056309
2022-04-28,39742.0,0,7037.597802056309
2022-04-27,39224.0,1,6995.758552855868
2022-04-26,38146.0,1,6995.758552855868
2022-04-25,40484.0,0,6938.007342501161
2022-04-24,39486.0,1,6912.732561566146
2022-04-23,39555.0,0,6910.988155043582
2022-04-22,39784.0,1,6916.744237890958
2022-04-21,40358.0,0,6875.441042556243
2022-04-20,41384.0,0,6875.441042556243
2022-04-19,41498.0,0,6875.441042556243
2022-04-18,40873.0,1,6831.466199788947
2022-04-17,39750.0,1,6831.466199788947
2022-04-16,40457.0,0,6812.221196087985
2022-04-15,40530.0,0,6812.221196087985
2022-04-14,39959.0,1,6797.931549199924
2022-04-13,41258.0,0,6766.446746252617
2022-04-12,40101.0,1,6724.5517489041995
2022-04-11,39599.0,1,6724.5517489041995
2022-04-10,42111.0,0,6649.632345082306
2022-04-09,42806.0,0,6649.632345082306
2022-04-08,42332.0,1,6638.435142020791
2022-04-07,43488.0,0,6611.853096399011
2022-04-06,43218.0,1,6605.60569948106
2022-04-05,45557.0,0,6532.493554157535
2022-04-04,46627.0,0,6532.493554157535
2022-04-03,46435.0,1,6517.052986188547
2022-04-02,45918.0,1,6517.052986188547
2022-04-01,46188.0,0,6511.207311987456
2022-03-31,45550.0,1,6497.20072581841
2022-03-30,47031.0,0,6459.084370628884
2022-03-29,47355.0,0,6459.084370628884
2022-03-28,46995.0,1,6305.8283188048135
2022-03-27,46684.0,1,6305.8283188048135
2022-03-26,44497.0,1,6305.8283188048135
2022-03-25,44378.0,1,6305.8283188048135
2022-03-24,43936.0,1,6305.8283188048135
2022-03-23,42899.0,1,6305.8283188048135
2022-03-22,42370.0,1,6305.8283188048135
2022-03-21,41062.0,1,6305.8283188048135
2022-03-20,41343.0,0,6277.7559840197355
2022-03-19,42248.0,0,6277.7559840197355
2022-03-18,41818.0,1,6204.1092241722135
2022-03-17,40987.0,1,6204.1092241722135
2022-03-16,41127.0,1,6204.1092241722135
2022-03-15,39350.0,1,6204.1092241722135
2022-03-14,39662.0,0,6196.242752486469
2022-03-13,37826.0,1,6147.704709870279
2022-03-12,38904.0,0,6119.995476886524
2022-03-11,38773.0,1,6116.616837111423
2022-03-10,39414.0,0,6100.35358040061
2022-03-09,41897.0,1,6065.213334576469
2022-03-08,38744.0,1,6065.213334576469
2022-03-07,38076.0,1,6065.213334576469
2022-03-06,38470.0,0,6029.99314504624
2022-03-05,39466.0,0,6029.99314504624
2022-03-04,39090.0,1,6020.3743167013945
2022-03-03,42495.0,0,5898.525010865028
2022-03-02,43881.0,0,5898.525010865028
2022-03-01,44514.0,0,5898.525010865028
2022-02-28,43363.0,1,5722.212976617367
2022-02-27,37842.0,1,5722.212976617367
2022-02-26,39194.0,0,5687.717900840462
2022-02-25,39311.0,1,5639.665918061095
2022-02-24,38389.0,1,5639.665918061095
2022-02-23,37397.0,1,5639.665918061095
2022-02-22,38335.0,0,5615.19741669159
2022-02-21,37107.0,1,5582.103930287408
2022-02-20,38433.0,0,5505.623094050474
2022-02-19,40180.0,0,5505.623094050474
2022-02-18,40056.0,1,5515.23610859324
2022-02-17,40570.0,1,5515.23610859324
2022-02-16,43937.0,0,5428.070236934524
2022-02-15,44444.0,0,5428.070236934524
2022-02-14,42616.0,1,5374.1956281893845
2022-02-13,42172.0,1,5374.1956281893845
2022-02-12,42283.0,0,5329.047776901063
2022-02-11,42437.0,0,5329.047776901063
2022-02-10,43334.0,0,5329.047776901063
2022-02-09,44422.0,0,5329.047776901063
2022-02-08,44166.0,0,5329.047776901063
2022-02-07,43978.0,1,5137.047345075521
2022-02-06,42353.0,1,5137.047345075521
2022-02-05,41494.0,1,5137.047345075521
2022-02-04,41633.0,1,5137.047345075521
2022-02-03,37302.0,1,5137.047345075521
2022-02-02,37052.0,1,5137.047345075521
2022-02-01,38718.0,0,5094.018262994835
2022-01-31,38516.0,1,5070.70713073984
2022-01-30,37836.0,1,5070.70713073984
2022-01-29,38254.0,0,5059.780168853502
2022-01-28,38005.0,1,4974.375560976984
2022-01-27,37367.0,1,4974.375560976984
2022-01-26,37068.0,1,4974.375560976984
2022-01-25,36935.0,1,4974.375560976984
2022-01-24,36463.0,1,4974.375560976984
2022-01-23,36311.0,1,4974.375560976984
2022-01-22,35244.0,1,4974.375560976984
2022-01-21,36643.0,0,4791.154240003635
2022-01-20,40706.0,0,4791.154240003635
2022-01-19,41752.0,0,4791.154240003635
2022-01-18,42317.0,0,4791.154240003635
2022-01-17,42357.0,0,4791.154240003635
2022-01-16,43150.0,0,4791.154240003635
2022-01-15,43140.0,1,4779.952515219233
2022-01-14,43121.0,1,4779.952515219233
2022-01-13,42672.0,1,4779.952515219233
2022-01-12,44010.0,0,4749.5503338968065
2022-01-11,42746.0,1,4698.439753529002
2022-01-10,41870.0,1,4698.439753529002
2022-01-09,41991.0,0,4695.558183668793
2022-01-08,41642.0,1,4687.177222139568
2022-01-07,41647.0,0,4561.109518725016
2022-01-06,43201.0,0,4561.109518725016
2022-01-05,43647.0,0,4561.109518725016
2022-01-04,45873.0,0,4561.109518725016
2022-01-03,46531.0,0,4561.109518725016
2022-01-02,47315.0,0,4561.109518725016
2022-01-01,47649.0,0,4561.109518725016
2021-12-31,46288.0,1,4531.706649730892
2021-12-30,47394.0,0,4508.370362437142
2021-12-29,46876.0,1,4515.30593079754
2021-12-28,47725.0,1,4515.30593079754
2021-12-27,50686.0,0,4451.824769102092
2021-12-26,50960.0,0,4451.824769102092
2021-12-25,50493.0,1,4442.5759623367985
2021-12-24,51051.0,0,4431.6457161124345
2021-12-23,50901.0,1,4384.3382999671885
2021-12-22,48745.0,1,4384.3382999671885
2021-12-21,49051.0,0,4378.099895041702
2021-12-20,47123.0,1,4331.857120475229
2021-12-19,46883.0,1,4331.857120475229
2021-12-18,46904.0,0,4331.40939746653
2021-12-17,46079.0,1,4313.505363090784
2021-12-16,47719.0,0,4252.95366988603
2021-12-15,49049.0,0,4252.95366988603
2021-12-14,48306.0,1,4201.099752963812
2021-12-13,46631.0,1,4201.099752963812
2021-12-12,50142.0,0,4131.078613001305
2021-12-11,49252.0,1,4071.083686568022
2021-12-10,47304.0,1,4071.083686568022
2021-12-09,47874.0,0,4002.283119627728
2021-12-08,50799.0,0,4002.283119627728
2021-12-07,50648.0,1,3968.9850438781655
2021-12-06,50645.0,1,3968.9850438781655
2021-12-05,49370.0,1,3968.9850438781655
2021-12-04,49162.0,1,3968.9850438781655
2021-12-03,53445.0,0,3829.031928171927
2021-12-02,56565.0,0,3829.031928171927
2021-12-01,57162.0,0,3829.031928171927
2021-11-30,57003.0,1,3826.2426012943943
2021-11-29,57849.0,0,3811.618320840108
2021-11-28,57349.0,1,3737.6556363511077
2021-11-27,54724.0,1,3737.6556363511077
2021-11-26,53865.0,1,3737.6556363511077
2021-11-25,58844.0,0,3653.0420818680677
2021-11-24,57347.0,1,3626.9378392747326
2021-11-23,57749.0,0,3619.976679774135
2021-11-22,56348.0,1,3595.1133305869407
2021-11-21,59148.0,0,3535.029927751244
2021-11-20,59950.0,0,3535.029927751244
2021-11-19,58942.0,1,3488.0878020832615
2021-11-18,57262.0,1,3488.0878020832615
2021-11-17,60613.0,0,3432.8026322352093
2021-11-16,60449.0,1,3499.5339670158764
2021-11-15,63934.0,1,3499.5339670158764
2021-11-14,65858.0,1,3499.5339670158764
2021-11-13,64661.0,1,3499.5339670158764
2021-11-12,64425.0,1,3499.5339670158764
2021-11-11,64947.0,1,3499.5339670158764
2021-11-10,65061.0,0,3467.6350894389984
2021-11-09,67087.0,0,3467.6350894389984
2021-11-08,67492.0,1,3379.4260349531187
2021-11-07,63433.0,1,3379.4260349531187
2021-11-06,61673.0,1,3379.4260349531187
2021-11-05,61247.0,1,3379.4260349531187
2021-11-04,61649.0,1,3379.4260349531187
2021-11-03,63055.0,0,3357.1280411381954
2021-11-02,63283.0,1,3324.3030259869283
2021-11-01,61051.0,1,3324.3030259869283
2021-10-31,61412.0,0,3303.06088157241
2021-10-30,61893.0,0,3303.06088157241
2021-10-29,62376.0,0,3303.06088157241
2021-10-28,60765.0,1,3308.545575449961
2021-10-27,58624.0,1,3308.545575449961
2021-10-26,60729.0,1,3308.545575449961
2021-10-25,63182.0,1,3308.545575449961
2021-10-24,61173.0,1,3308.545575449961
2021-10-23,61602.0,1,3308.545575449961
2021-10-22,61001.0,1,3308.545575449961
2021-10-21,62720.0,1,3308.545575449961
2021-10-20,66103.0,0,3257.367867932904
2021-10-19,64637.0,1,3173.8187088337995
2021-10-18,62368.0,1,3173.8187088337995
2021-10-17,61584.0,1,3173.8187088337995
2021-10-16,61006.0,1,3173.8187088337995
2021-10-15,61741.0,0,3161.914139746807
2021-10-14,57450.0,1,3087.2231040636043
2021-10-13,57562.0,0,3085.2773759791044
2021-10-12,56296.0,1,3062.789099725019
2021-10-11,57586.0,0,3040.3878216365947
2021-10-10,54853.0,1,2990.563746380911
2021-10-09,55044.0,0,2987.0937950692332
2021-10-08,53967.0,1,2965.7177095648913
2021-10-07,53892.0,1,2965.7177095648913
2021-10-06,55348.0,0,2939.4114293018283
2021-10-05,51627.0,1,2783.5830034571136
2021-10-04,49290.0,1,2783.5830034571136
2021-10-03,48192.0,1,2783.5830034571136
2021-10-02,47886.0,1,2783.5830034571136
2021-10-01,48214.0,0,2776.780000180057
2021-09-30,44005.0,1,2600.914819583515
2021-09-29,41656.0,1,2600.914819583515
2021-09-28,41003.0,1,2600.914819583515
2021-09-27,41949.0,0,2547.363588136016
2021-09-26,43323.0,0,2547.363588136016
2021-09-25,42778.0,1,2534.62339457858
2021-09-24,42872.0,0,2484.3381116267337
2021-09-23,45043.0,0,2484.3381116267337
2021-09-22,43602.0,1,2437.2404525617126
2021-09-21,40489.0,1,2437.2404525617126
2021-09-20,43017.0,1,2437.2404525617126
2021-09-19,47154.0,0,2326.5175286165363
2021-09-18,48373.0,0,2326.5175286165363
2021-09-17,47464.0,1,2316.0732280713437
2021-09-16,47873.0,1,2316.0732280713437
2021-09-15,48185.0,0,2309.5981839704828
2021-09-14,47158.0,1,2239.818866888648
2021-09-13,45042.0,1,2239.818866888648
2021-09-12,46292.0,0,2212.8163610561064
2021-09-11,45262.0,1,2183.6936008409093
2021-09-10,44982.0,1,2183.6936008409093
2021-09-09,46569.0,0,2149.615136626518
2021-09-08,46215.0,1,2141.955285928693
2021-09-07,47056.0,0,2124.0829635893524
2021-09-06,52774.0,1,2181.473640859439
2021-09-05,51781.0,1,2181.473640859439
2021-09-04,49921.0,1,2181.473640859439
2021-09-03,49990.0,0,2180.0933648042283
2021-09-02,49300.0,1,2117.9001344534217
2021-09-01,48872.0,1,2117.9001344534217
2021-08-31,47063.0,1,2117.9001344534217
2021-08-30,47078.0,0,2076.6476898641126
2021-08-29,48892.0,0,2076.6476898641126
2021-08-28,49040.0,0,2076.6476898641126
2021-08-27,49088.0,0,2076.6476898641126
2021-08-26,47152.0,1,1998.5250920735962
2021-08-25,49006.0,1,1998.5250920735962
2021-08-24,47697.0,1,1998.5250920735962
2021-08-23,49420.0,1,1998.5250920735962
2021-08-22,49362.0,1,1998.5250920735962
2021-08-21,48911.0,1,1998.5250920735962
2021-08-20,49168.0,1,1998.5250920735962
2021-08-19,46746.0,1,1998.5250920735962
2021-08-18,44789.0,1,1998.5250920735962
2021-08-17,44534.0,1,1998.5250920735962
2021-08-16,45928.0,1,1998.5250920735962
2021-08-15,47025.0,1,1998.5250920735962
2021-08-14,47166.0,1,1998.5250920735962
2021-08-13,47699.0,1,1998.5250920735962
2021-08-12,44675.0,1,1998.5250920735962
2021-08-11,45655.0,1,1998.5250920735962
2021-08-10,45531.0,1,1998.5250920735962
2021-08-09,46348.0,0,1980.8975784807765
2021-08-08,43642.0,1,1918.8930873942086
2021-08-07,44648.0,0,1896.3612830580682
2021-08-06,42815.0,1,1728.3604459315052
2021-08-05,40801.0,1,1728.3604459315052
2021-08-04,39741.0,1,1728.3604459315052
2021-08-03,38226.0,1,1728.3604459315052
2021-08-02,39279.0,0,1637.464327210044
2021-08-01,39981.0,0,1637.464327210044
2021-07-31,41719.0,0,1637.464327210044
2021-07-30,42048.0,0,1637.464327210044
2021-07-29,40019.0,1,1280.2891932612997
2021-07-28,39980.0,1,1280.2891932612997
2021-07-27,39181.0,1,1280.2891932612997
2021-07-26,37064.0,1,1280.2891932612997
2021-07-25,35492.0,1,1280.2891932612997
2021-07-24,34297.0,1,1280.2891932612997
2021-07-23,33500.0,1,1280.2891932612997
2021-07-22,32398.0,1,1280.2891932612997
2021-07-21,32324.0,1,1280.2891932612997
2021-07-20,29962.0,1,1280.2891932612997
2021-07-19,30982.0,1,1280.2891932612997
2021-07-18,31914.0,0,1251.085708897071
2021-07-17,31612.0,1,1241.5323747201762
2021-07-16,31439.0,0,1247.0350942723248
2021-07-15,31807.0,1,1288.2074386561121
2021-07-14,32874.0,1,1288.2074386561121
2021-07-13,32789.0,1,1288.2074386561121
2021-07-12,33072.0,0,1244.1549605220014
2021-07-11,34300.0,0,1244.1549605220014
2021-07-10,33749.0,1,1232.5345983442157
2021-07-09,33947.0,1,1232.5345983442157
2021-07-08,32934.0,1,1232.5345983442157
2021-07-07,33883.0,1,1232.5345983442157
2021-07-06,34319.0,1,1232.5345983442157
2021-07-05,33906.0,1,1232.5345983442157
2021-07-04,35394.0,0,1207.0969851683944
2021-07-03,34791.0,0,1207.0969851683944
2021-07-02,33826.0,1,1200.8205925033863
2021-07-01,33596.0,1,1200.8205925033863
2021-06-30,34996.0,1,1200.8205925033863
2021-06-29,35847.0,1,1200.8205925033863
2021-06-28,34574.0,1,1200.8205925033863
2021-06-27,34650.0,0,1198.627230310024
2021-06-26,32598.0,1,1112.0797232545208
2021-06-25,31495.0,1,1112.0797232545208
2021-06-24,34765.0,1,1112.0797232545208
2021-06-23,33662.0,1,1112.0797232545208
2021-06-22,31890.0,1,1112.0797232545208
2021-06-21,32121.0,0,1104.888166329145
2021-06-20,35781.0,1,1198.9228581920697
2021-06-19,35455.0,1,1198.9228581920697
2021-06-18,35818.0,0,1077.282823508557
2021-06-17,38193.0,0,1077.282823508557
2021-06-16,38416.0,0,1077.282823508557
2021-06-15,40365.0,0,1077.282823508557
2021-06-14,40637.0,1,944.9929977069917
2021-06-13,39150.0,1,944.9929977069917
2021-06-12,35649.0,1,944.9929977069917
2021-06-11,37273.0,0,901.4225848075739
2021-06-10,36692.0,1,885.5880704720239
2021-06-09,37452.0,0,865.2954292245604
2021-06-08,33489.0,1,814.3357255541148
2021-06-07,33468.0,1,814.3357255541148
2021-06-06,35814.0,1,814.3357255541148
2021-06-05,35636.0,1,814.3357255541148
2021-06-04,36913.0,0,779.7408673740698
2021-06-03,39400.0,1,715.4749234229683
2021-06-02,37651.0,1,715.4749234229683
2021-06-01,36715.0,1,715.4749234229683
2021-05-31,37441.0,1,715.4749234229683
2021-05-30,35497.0,1,715.4749234229683
2021-05-29,34684.0,1,715.4749234229683
2021-05-28,35976.0,0,594.285068607553
2021-05-27,38491.0,0,594.285068607553
2021-05-26,39467.0,0,594.285068607553
2021-05-25,38382.0,1,535.81965170622
2021-05-24,39128.0,1,535.81965170622
2021-05-23,35197.0,1,535.81965170622
2021-05-22,37264.0,1,535.81965170622
2021-05-21,37400.0,1,535.81965170622
2021-05-20,40904.0,1,535.81965170622
2021-05-19,37287.0,1,535.81965170622
2021-05-18,42946.0,0,281.14227103939345
2021-05-17,44251.0,0,281.14227103939345
2021-05-16,46160.0,0,281.14227103939345
2021-05-15,46781.0,0,281.14227103939345
2021-05-14,49906.0,0,281.14227103939345
2021-05-13,50028.0,0,281.14227103939345
2021-05-12,48383.0,1,386.2190124797713
2021-05-11,56929.0,1,386.2190124797713
2021-05-10,55902.0,1,386.2190124797713
2021-05-09,58214.0,0,336.12555453584605
2021-05-08,58850.0,0,336.12555453584605
2021-05-07,57342.0,1,311.04281633692585
2021-05-06,56508.0,1,311.04281633692585
2021-05-05,57410.0,1,311.04281633692585
2021-05-04,53464.0,0,315.53951817235
2021-05-03,57153.0,0,315.53951817235
2021-05-02,56601.0,1,305.78704030093434
2021-05-01,57590.0,0,288.6139199675432
2021-04-30,58121.0,1,297.75003256023774
2021-04-29,53428.0,0,385.58787039807567
2021-04-28,54819.0,1,318.4791382737649
2021-04-27,55194.0,1,318.4791382737649
2021-04-26,54018.0,1,318.4791382737649
2021-04-25,49038.0,1,318.4791382737649
2021-04-24,50068.0,1,318.4791382737649
2021-04-23,51141.0,0,297.49792945891966
2021-04-22,51966.0,1,377.9934524910316
2021-04-21,53840.0,1,377.9934524910316
2021-04-20,56737.0,1,377.9934524910316
2021-04-19,55618.0,1,377.9934524910316
2021-04-18,57020.0,0,254.088216526064
2021-04-17,60096.0,0,254.088216526064
2021-04-16,61433.0,0,254.088216526064
2021-04-15,63215.0,0,254.088216526064
2021-04-14,63334.0,0,254.088216526064
2021-04-13,63484.0,0,254.088216526064
2021-04-12,59882.0,1,193.93658498403136
2021-04-11,60148.0,0,189.51416029825623
2021-04-10,59742.0,1,136.8899500114219
2021-04-09,58139.0,1,136.8899500114219
2021-04-08,58091.0,1,136.8899500114219
2021-04-07,55990.0,1,136.8899500114219
2021-04-06,57983.0,1,136.8899500114219
2021-04-05,59439.0,1,136.8899500114219
2021-04-04,58229.0,1,136.8899500114219
2021-04-03,56992.0,1,136.8899500114219
2021-04-02,58997.0,1,136.8899500114219
2021-04-01,58754.0,1,136.8899500114219
2021-03-31,58725.0,1,136.8899500114219
2021-03-30,58853.0,1,136.8899500114219
2021-03-29,57662.0,1,136.8899500114219
2021-03-28,55857.0,1,136.8899500114219
2021-03-27,55839.0,1,136.8899500114219
2021-03-26,55349.0,1,136.8899500114219
2021-03-25,51962.0,1,136.8899500114219
2021-03-24,52353.0,1,136.8899500114219
2021-03-23,53893.0,1,136.8899500114219
2021-03-22,54404.0,1,136.8899500114219
2021-03-21,57300.0,1,136.8899500114219
2021-03-20,58122.0,1,136.8899500114219
2021-03-19,58290.0,1,136.8899500114219
2021-03-18,57582.0,1,136.8899500114219
2021-03-17,59384.0,1,136.8899500114219
2021-03-16,57141.0,1,136.8899500114219
2021-03-15,55861.0,0,70.56642059965725
2021-03-14,59136.0,0,70.56642059965725
2021-03-13,61200.0,0,70.56642059965725
2021-03-12,57166.0,1,0.0
