Date,Bullish,Neutral,Bearish
7-24-87,36.0%,50.0%,14.0%
7-31-87,26.0%,48.0%,26.0%
8-7-87,56.0%,15.0%,29.0%
8-14-87,45.0%,35.0%,20.0%
8-21-87,66.0%,28.0%,6.0%
8-28-87,52.0%,18.0%,30.0%
9-4-87,42.0%,17.0%,41.0%
9-11-87,50.0%,23.0%,27.0%
9-18-87,60.0%,29.0%,11.0%
9-25-87,53.0%,17.0%,30.0%
10-2-87,44.0%,26.0%,30.0%
10-9-87,46.0%,39.0%,15.0%
10-16-87,37.0%,30.0%,33.0%
10-23-87,39.0%,30.0%,31.0%
10-30-87,44.0%,23.0%,33.0%
11-6-87,47.0%,31.0%,22.0%
11-13-87,31.0%,41.0%,28.0%
11-20-87,39.0%,42.0%,19.0%
11-27-87,27.0%,46.0%,27.0%
12-4-87,25.0%,33.0%,42.0%
12-11-87,23.0%,45.0%,32.0%
12-18-87,33.0%,40.0%,27.0%
12-24-87,28.0%,52.0%,20.0%
12-31-87,25.0%,49.0%,26.0%
1-8-88,34.0%,46.0%,20.0%
1-15-88,34.0%,40.0%,26.0%
1-22-88,21.0%,48.0%,31.0%
1-29-88,26.0%,45.0%,29.0%
2-5-88,32.0%,53.0%,15.0%
2-12-88,32.0%,46.0%,22.0%
2-19-88,27.0%,49.0%,24.0%
2-26-88,30.0%,51.0%,19.0%
3-4-88,38.0%,40.0%,22.0%
3-11-88,43.0%,40.0%,17.0%
3-18-88,41.0%,49.0%,10.0%
3-25-88,45.0%,38.0%,17.0%
4-1-88,35.0%,45.0%,20.0%
4-8-88,33.0%,48.0%,19.0%
4-15-88,23.0%,53.0%,24.0%
4-22-88,23.0%,57.0%,20.0%
4-29-88,22.0%,48.0%,30.0%
5-6-88,38.0%,42.0%,20.0%
5-13-88,19.0%,56.0%,25.0%
5-20-88,23.0%,52.0%,25.0%
5-27-88,28.0%,52.0%,20.0%
6-3-88,26.0%,62.0%,12.0%
6-10-88,28.0%,49.0%,23.0%
6-17-88,29.0%,50.0%,21.0%
6-24-88,33.0%,44.0%,23.0%
7-1-88,45.0%,38.0%,17.0%
7-8-88,35.0%,50.0%,15.0%
7-15-88,26.0%,37.0%,37.0%
7-22-88,16.0%,58.0%,26.0%
7-29-88,23.0%,54.0%,23.0%
8-5-88,21.0%,49.0%,30.0%
8-12-88,26.0%,48.0%,26.0%
8-19-88,19.0%,53.0%,28.0%
8-26-88,28.0%,40.0%,32.0%
9-2-88,18.0%,43.0%,39.0%
9-9-88,17.0%,52.0%,31.0%
9-16-88,24.0%,46.0%,30.0%
9-23-88,20.0%,53.0%,27.0%
9-30-88,26.0%,44.0%,30.0%
10-7-88,13.0%,49.0%,38.0%
10-14-88,22.0%,46.0%,32.0%
10-21-88,26.0%,51.0%,23.0%
10-28-88,40.0%,38.0%,22.0%
11-4-88,35.0%,46.0%,19.0%
11-11-88,23.0%,56.0%,21.0%
11-18-88,30.0%,34.0%,36.0%
11-25-88,17.0%,44.0%,39.0%
12-2-88,19.0%,47.0%,34.0%
12-9-88,17.0%,44.0%,39.0%
12-16-88,24.0%,54.0%,22.0%
12-23-88,22.0%,46.0%,32.0%
12-30-88,24.0%,54.0%,22.0%
1-6-89,26.0%,51.0%,23.0%
1-13-89,36.0%,44.0%,20.0%
1-20-89,36.0%,47.0%,17.0%
1-27-89,32.0%,49.0%,19.0%
2-3-89,33.0%,44.0%,23.0%
2-10-89,43.0%,31.0%,26.0%
2-17-89,42.0%,41.0%,17.0%
2-24-89,29.0%,45.0%,26.0%
3-3-89,29.0%,35.0%,36.0%
3-10-89,13.0%,52.0%,35.0%
3-17-89,28.0%,43.0%,29.0%
3-23-89,29.0%,41.0%,30.0%
3-31-89,18.0%,42.0%,40.0%
4-7-89,23.0%,45.0%,32.0%
4-14-89,25.0%,42.0%,33.0%
4-21-89,21.0%,51.0%,28.0%
4-28-89,31.0%,40.0%,29.0%
5-5-89,30.0%,40.0%,30.0%
5-12-89,38.0%,43.0%,19.0%
5-19-89,43.0%,38.0%,19.0%
5-26-89,48.0%,31.0%,21.0%
6-2-89,42.0%,27.0%,31.0%
6-9-89,43.0%,34.0%,23.0%
6-16-89,32.0%,37.0%,31.0%
6-23-89,33.0%,22.0%,45.0%
6-30-89,40.0%,34.0%,26.0%
7-7-89,37.0%,32.0%,31.0%
7-14-89,22.0%,30.0%,48.0%
7-21-89,32.0%,39.0%,29.0%
7-28-89,41.0%,25.0%,34.0%
8-4-89,35.0%,30.0%,35.0%
8-11-89,53.0%,21.0%,26.0%
8-18-89,35.0%,28.0%,37.0%
8-25-89,45.0%,24.0%,31.0%
9-1-89,34.0%,30.0%,36.0%
9-8-89,30.0%,30.0%,40.0%
9-15-89,31.0%,44.0%,25.0%
9-22-89,24.0%,37.0%,39.0%
9-29-89,33.0%,38.0%,29.0%
10-6-89,24.0%,43.0%,33.0%
10-13-89,28.0%,52.0%,20.0%
10-20-89,39.0%,28.0%,33.0%
10-27-89,36.0%,33.0%,31.0%
11-3-89,37.0%,31.0%,32.0%
11-10-89,27.0%,37.0%,36.0%
11-17-89,24.0%,28.0%,48.0%
11-22-89,27.0%,40.0%,33.0%
12-1-89,28.0%,40.0%,32.0%
12-8-89,31.0%,41.0%,28.0%
12-15-89,42.0%,30.0%,28.0%
12-22-89,36.0%,32.0%,32.0%
12-29-89,35.0%,31.0%,34.0%
1-5-90,40.0%,30.0%,30.0%
1-12-90,45.0%,38.0%,17.0%
1-19-90,31.0%,49.0%,20.0%
1-26-90,24.0%,38.0%,38.0%
2-2-90,15.0%,37.0%,48.0%
2-9-90,19.0%,30.0%,51.0%
2-16-90,23.0%,43.0%,34.0%
2-23-90,24.0%,38.0%,38.0%
3-2-90,21.0%,37.0%,42.0%
3-9-90,22.0%,42.0%,36.0%
3-16-90,25.0%,35.0%,40.0%
3-23-90,37.0%,39.0%,24.0%
3-30-90,34.0%,35.0%,31.0%
4-6-90,38.0%,37.0%,25.0%
4-12-90,27.0%,56.0%,17.0%
4-20-90,34.0%,43.0%,23.0%
4-27-90,28.0%,35.0%,37.0%
5-4-90,20.0%,35.0%,45.0%
5-11-90,28.0%,38.0%,34.0%
5-18-90,37.0%,35.0%,28.0%
5-25-90,39.0%,32.0%,29.0%
6-1-90,37.0%,28.0%,35.0%
6-8-90,35.0%,35.0%,30.0%
6-15-90,43.0%,32.0%,25.0%
6-22-90,34.0%,32.0%,34.0%
6-29-90,31.0%,31.0%,38.0%
7-6-90,28.0%,34.0%,38.0%
7-13-90,40.0%,30.0%,30.0%
7-20-90,40.0%,30.0%,30.0%
7-27-90,52.0%,24.0%,24.0%
8-3-90,26.0%,28.0%,46.0%
8-10-90,25.0%,21.0%,54.0%
8-17-90,18.0%,23.0%,59.0%
8-24-90,25.0%,24.0%,51.0%
8-31-90,23.0%,16.0%,61.0%
9-7-90,33.0%,18.0%,49.0%
9-14-90,16.0%,33.0%,51.0%
9-21-90,13.0%,31.0%,56.0%
9-28-90,26.0%,20.0%,54.0%
10-5-90,15.0%,26.0%,59.0%
10-12-90,21.0%,27.0%,52.0%
10-19-90,13.0%,20.0%,67.0%
10-26-90,23.0%,19.0%,58.0%
11-2-90,20.0%,36.0%,44.0%
11-9-90,20.0%,32.0%,48.0%
11-16-90,12.0%,33.0%,55.0%
11-21-90,16.0%,37.0%,47.0%
11-30-90,22.0%,33.0%,45.0%
12-7-90,26.0%,33.0%,41.0%
12-14-90,31.0%,31.0%,38.0%
12-21-90,16.0%,34.0%,50.0%
12-28-90,30.0%,30.0%,40.0%
1-4-91,31.0%,39.0%,30.0%
1-11-91,22.0%,30.0%,48.0%
1-18-91,22.0%,27.0%,51.0%
1-25-91,25.0%,25.0%,50.0%
2-1-91,29.0%,29.0%,42.0%
2-8-91,36.0%,28.0%,36.0%
2-15-91,46.0%,30.0%,24.0%
2-22-91,57.0%,20.0%,23.0%
3-1-91,50.0%,18.0%,32.0%
3-8-91,50.0%,21.0%,29.0%
3-15-91,55.0%,22.0%,23.0%
3-22-91,42.0%,31.0%,27.0%
3-29-91,47.0%,28.0%,25.0%
4-5-91,58.0%,22.0%,20.0%
4-12-91,43.0%,32.0%,25.0%
4-19-91,39.0%,39.0%,22.0%
4-26-91,55.0%,28.0%,17.0%
5-3-91,39.0%,33.0%,28.0%
5-10-91,38.0%,34.0%,28.0%
5-17-91,42.0%,32.0%,26.0%
5-24-91,38.0%,39.0%,23.0%
5-31-91,42.0%,35.0%,23.0%
6-7-91,46.0%,37.0%,17.0%
6-14-91,47.0%,31.0%,22.0%
6-21-91,44.0%,40.0%,16.0%
6-28-91,28.0%,37.0%,35.0%
7-3-91,28.0%,39.0%,33.0%
7-12-91,41.0%,39.0%,20.0%
7-19-91,27.0%,51.0%,22.0%
7-26-91,35.0%,42.0%,23.0%
8-2-91,33.0%,36.0%,31.0%
8-9-91,26.0%,45.0%,29.0%
8-16-91,37.0%,33.0%,30.0%
8-23-91,32.0%,36.0%,32.0%
8-30-91,41.0%,40.0%,19.0%
9-6-91,36.0%,31.0%,33.0%
9-13-91,43.0%,39.0%,18.0%
9-20-91,32.0%,48.0%,20.0%
9-27-91,31.0%,38.0%,31.0%
10-4-91,35.0%,30.0%,35.0%
10-11-91,39.0%,37.0%,24.0%
10-18-91,30.0%,31.0%,39.0%
10-25-91,31.0%,36.0%,33.0%
11-1-91,52.0%,12.0%,36.0%
11-8-91,32.0%,36.0%,32.0%
11-15-91,38.0%,33.0%,29.0%
11-22-91,48.0%,32.0%,20.0%
11-27-91,33.0%,27.0%,40.0%
12-6-91,23.0%,32.0%,45.0%
12-13-91,33.0%,36.0%,31.0%
12-20-91,36.0%,30.0%,34.0%
12-27-91,39.0%,29.0%,32.0%
1-3-92,49.0%,20.0%,31.0%
1-10-92,48.0%,27.0%,25.0%
1-17-92,51.0%,21.0%,28.0%
1-24-92,46.0%,25.0%,29.0%
1-31-92,47.0%,26.0%,27.0%
2-7-92,36.0%,39.0%,25.0%
2-14-92,46.0%,28.0%,26.0%
2-21-92,47.0%,25.0%,28.0%
2-28-92,43.0%,36.0%,21.0%
3-6-92,45.0%,29.0%,26.0%
3-13-92,38.0%,35.0%,27.0%
3-20-92,48.0%,29.0%,23.0%
3-27-92,43.0%,35.0%,22.0%
4-3-92,35.0%,42.0%,23.0%
4-10-92,43.0%,27.0%,30.0%
4-17-92,37.0%,38.0%,25.0%
4-24-92,52.0%,34.0%,14.0%
5-1-92,29.0%,36.0%,35.0%
5-8-92,43.0%,31.0%,26.0%
5-15-92,40.0%,37.0%,23.0%
5-22-92,48.0%,24.0%,28.0%
5-29-92,41.0%,43.0%,16.0%
6-5-92,41.0%,40.0%,19.0%
6-12-92,31.0%,46.0%,23.0%
6-19-92,35.0%,37.0%,28.0%
6-26-92,39.0%,34.0%,27.0%
7-2-92,21.0%,44.0%,35.0%
7-9-92,23.0%,42.0%,35.0%
7-17-92,29.0%,40.0%,31.0%
7-24-92,32.0%,44.0%,24.0%
7-31-92,22.0%,47.0%,31.0%
8-5-92,28.0%,39.0%,33.0%
8-14-92,26.0%,37.0%,37.0%
8-21-92,22.0%,34.0%,44.0%
8-28-92,30.0%,37.0%,33.0%
9-4-92,14.0%,44.0%,42.0%
9-11-92,22.0%,39.0%,39.0%
9-18-92,21.0%,42.0%,37.0%
9-25-92,25.0%,34.0%,41.0%
10-2-92,30.0%,35.0%,35.0%
10-9-92,21.0%,35.0%,44.0%
10-16-92,20.0%,24.0%,56.0%
10-23-92,21.0%,32.0%,47.0%
10-30-92,35.0%,35.0%,30.0%
11-6-92,49.0%,27.0%,24.0%
11-13-92,37.0%,44.0%,19.0%
11-20-92,48.0%,38.0%,14.0%
11-25-92,43.0%,37.0%,20.0%
12-4-92,37.0%,39.0%,24.0%
12-11-92,43.0%,42.0%,15.0%
12-18-92,63.0%,27.0%,10.0%
12-24-92,55.0%,30.0%,15.0%
1-1-93,60.0%,27.0%,13.0%
1-8-93,20.0%,49.0%,31.0%
1-15-93,54.0%,32.0%,14.0%
1-22-93,41.0%,38.0%,21.0%
1-29-93,40.0%,37.0%,23.0%
2-5-93,44.0%,34.0%,22.0%
2-12-93,47.0%,31.0%,22.0%
2-19-93,46.0%,27.0%,27.0%
2-26-93,34.0%,32.0%,34.0%
3-5-93,27.0%,36.0%,37.0%
3-12-93,45.0%,33.0%,22.0%
3-19-93,41.0%,32.0%,27.0%
3-26-93,43.0%,34.0%,23.0%
4-2-93,37.0%,36.0%,27.0%
4-9-93,32.0%,39.0%,29.0%
4-16-93,31.0%,35.0%,34.0%
4-23-93,28.0%,42.0%,30.0%
4-30-93,22.0%,37.0%,41.0%
5-7-93,21.0%,45.0%,34.0%
5-14-93,20.0%,41.0%,39.0%
5-21-93,21.0%,34.0%,45.0%
5-28-93,24.0%,37.0%,39.0%
6-4-93,33.0%,39.0%,28.0%
6-11-93,23.0%,36.0%,41.0%
6-18-93,22.0%,35.0%,43.0%
6-25-93,28.0%,38.0%,34.0%
7-2-93,18.0%,44.0%,38.0%
7-9-93,21.0%,45.0%,34.0%
7-16-93,22.0%,44.0%,34.0%
7-23-93,24.0%,43.0%,33.0%
7-30-93,25.0%,45.0%,30.0%
8-6-93,26.0%,42.0%,32.0%
8-13-93,25.0%,41.0%,34.0%
8-20-93,29.0%,41.0%,30.0%
8-27-93,27.0%,35.0%,38.0%
9-3-93,38.0%,33.0%,29.0%
9-10-93,30.0%,30.0%,40.0%
9-17-93,32.0%,34.0%,34.0%
9-24-93,28.0%,40.0%,32.0%
10-1-93,26.0%,34.0%,40.0%
10-8-93,29.0%,37.0%,34.0%
10-15-93,31.0%,38.0%,31.0%
10-22-93,42.0%,30.0%,28.0%
10-29-93,43.0%,33.0%,24.0%
11-4-93,32.0%,36.0%,32.0%
11-11-93,35.0%,30.0%,35.0%
11-18-93,34.0%,31.0%,35.0%
11-24-93,45.0%,30.0%,25.0%
12-2-93,33.0%,32.0%,35.0%
12-9-93,37.0%,39.0%,24.0%
12-16-93,33.0%,38.0%,29.0%
12-23-93,36.0%,31.0%,33.0%
12-30-93,44.0%,28.0%,28.0%
1-6-94,40.0%,33.0%,27.0%
1-13-94,38.0%,31.0%,31.0%
1-20-94,48.0%,26.0%,26.0%
1-27-94,41.0%,25.0%,34.0%
2-3-94,38.0%,29.0%,33.0%
2-10-94,49.0%,27.0%,24.0%
2-17-94,40.0%,36.0%,24.0%
2-24-94,41.0%,30.0%,29.0%
3-3-94,31.0%,42.0%,27.0%
3-10-94,29.0%,34.0%,37.0%
3-17-94,24.0%,41.0%,35.0%
3-24-94,29.0%,37.0%,34.0%
3-31-94,23.0%,33.0%,44.0%
4-7-94,28.0%,31.0%,41.0%
4-14-94,29.0%,23.0%,48.0%
4-21-94,26.0%,41.0%,33.0%
4-28-94,27.0%,35.0%,38.0%
5-5-94,32.0%,32.0%,36.0%
5-12-94,38.0%,32.0%,30.0%
5-19-94,22.0%,36.0%,42.0%
5-26-94,29.0%,33.0%,38.0%
6-2-94,39.0%,36.0%,25.0%
6-9-94,28.0%,47.0%,25.0%
6-16-94,32.0%,42.0%,26.0%
6-23-94,29.0%,45.0%,26.0%
6-30-94,32.0%,37.0%,31.0%
7-7-94,28.0%,32.0%,40.0%
7-14-94,25.0%,40.0%,35.0%
7-21-94,34.0%,38.0%,28.0%
7-28-94,27.0%,42.0%,31.0%
8-4-94,22.0%,52.0%,26.0%
8-11-94,34.0%,37.0%,29.0%
8-18-94,30.0%,40.0%,30.0%
8-25-94,32.0%,39.0%,29.0%
9-1-94,43.0%,34.0%,23.0%
9-8-94,47.0%,33.0%,20.0%
9-15-94,45.0%,25.0%,30.0%
9-22-94,37.0%,36.0%,27.0%
9-29-94,38.0%,32.0%,30.0%
10-6-94,33.0%,39.0%,28.0%
10-13-94,35.0%,39.0%,26.0%
10-20-94,39.0%,33.0%,28.0%
10-27-94,43.0%,38.0%,19.0%
11-3-94,40.0%,35.0%,25.0%
11-10-94,37.0%,31.0%,32.0%
11-17-94,39.0%,22.0%,39.0%
11-23-94,39.0%,32.0%,29.0%
11-30-94,44.0%,30.0%,26.0%
12-8-94,30.0%,35.0%,35.0%
12-15-94,33.0%,35.0%,32.0%
12-22-94,42.0%,25.0%,33.0%
12-29-94,40.0%,43.0%,17.0%
1-5-95,44.0%,31.0%,25.0%
1-12-95,36.0%,42.0%,22.0%
1-19-95,37.0%,39.0%,24.0%
1-26-95,38.0%,37.0%,25.0%
2-2-95,38.0%,37.0%,25.0%
2-9-95,34.0%,43.0%,23.0%
2-16-95,43.0%,37.0%,20.0%
2-23-95,46.0%,37.0%,17.0%
3-2-95,53.0%,26.0%,21.0%
3-9-95,48.0%,34.0%,18.0%
3-16-95,39.0%,41.0%,20.0%
3-23-95,47.0%,30.0%,23.0%
3-30-95,52.0%,23.0%,25.0%
4-6-95,42.0%,25.0%,33.0%
4-13-95,40.0%,23.0%,37.0%
4-20-95,37.0%,27.0%,36.0%
4-27-95,52.0%,29.0%,19.0%
5-4-95,42.0%,27.0%,31.0%
5-11-95,44.0%,26.0%,30.0%
5-18-95,42.0%,23.0%,35.0%
5-25-95,44.0%,26.0%,30.0%
6-1-95,39.0%,34.0%,27.0%
6-8-95,44.0%,25.0%,31.0%
6-15-95,36.0%,31.0%,33.0%
6-22-95,48.0%,21.0%,31.0%
6-29-95,35.0%,28.0%,37.0%
7-6-95,35.0%,34.0%,31.0%
7-13-95,44.0%,18.0%,38.0%
7-20-95,43.0%,30.0%,27.0%
7-27-95,41.0%,26.0%,33.0%
8-3-95,38.0%,34.0%,28.0%
8-10-95,40.0%,30.0%,30.0%
8-17-95,36.0%,43.0%,21.0%
8-24-95,35.0%,28.0%,37.0%
8-31-95,38.0%,42.0%,20.0%
9-7-95,37.0%,36.0%,27.0%
9-14-95,46.0%,32.0%,22.0%
9-21-95,46.0%,25.0%,29.0%
9-28-95,42.0%,27.0%,31.0%
10-5-95,39.0%,37.0%,24.0%
10-12-95,41.0%,30.0%,29.0%
10-19-95,47.0%,32.0%,21.0%
10-26-95,46.0%,33.0%,21.0%
11-2-95,47.0%,34.0%,19.0%
11-9-95,49.0%,35.0%,16.0%
11-16-95,46.0%,31.0%,23.0%
11-22-95,48.0%,18.0%,34.0%
11-30-95,51.0%,30.0%,19.0%
12-7-95,48.0%,28.0%,24.0%
12-14-95,51.0%,23.0%,26.0%
12-21-95,48.0%,28.0%,24.0%
12-28-95,46.0%,34.0%,20.0%
1-4-96,55.0%,18.0%,27.0%
1-11-96,#N/A,#N/A,#N/A
1-18-96,42.0%,29.0%,29.0%
1-25-96,36.0%,40.0%,24.0%
2-1-96,54.0%,31.0%,15.0%
2-8-96,53.0%,31.0%,16.0%
2-15-96,54.0%,21.0%,25.0%
2-22-96,49.0%,22.0%,29.0%
2-29-96,45.0%,28.0%,27.0%
3-7-96,44.0%,28.0%,28.0%
3-14-96,36.0%,35.0%,29.0%
3-21-96,47.0%,31.0%,22.0%
3-28-96,45.0%,31.0%,24.0%
4-4-96,40.0%,43.0%,17.0%
4-11-96,40.0%,42.0%,18.0%
4-18-96,36.0%,38.0%,26.0%
4-25-96,28.0%,40.0%,32.0%
5-2-96,48.0%,31.0%,21.0%
5-9-96,46.0%,38.0%,16.0%
5-16-96,37.0%,40.0%,23.0%
5-23-96,51.0%,35.0%,14.0%
5-30-96,61.0%,29.0%,10.0%
6-6-96,47.0%,28.0%,25.0%
6-13-96,49.0%,28.0%,23.0%
6-20-96,42.0%,32.0%,26.0%
6-27-96,42.0%,41.0%,17.0%
7-3-96,32.0%,44.0%,24.0%
7-11-96,40.0%,35.0%,25.0%
7-18-96,29.0%,45.0%,26.0%
7-25-96,30.0%,32.0%,38.0%
8-1-96,29.0%,38.0%,33.0%
8-8-96,27.0%,42.0%,31.0%
8-15-96,43.0%,37.0%,20.0%
8-22-96,28.0%,46.0%,26.0%
8-29-96,28.0%,43.0%,29.0%
9-5-96,29.0%,35.0%,36.0%
9-12-96,26.0%,46.0%,28.0%
9-19-96,28.0%,41.0%,31.0%
9-26-96,34.0%,39.0%,27.0%
10-3-96,40.0%,31.0%,29.0%
10-10-96,38.0%,36.0%,26.0%
10-17-96,39.0%,36.0%,25.0%
10-24-96,42.0%,33.0%,25.0%
10-31-96,37.0%,29.0%,34.0%
11-7-96,26.0%,45.0%,29.0%
11-14-96,37.0%,34.0%,29.0%
11-21-96,43.0%,30.0%,27.0%
11-27-96,52.0%,27.0%,21.0%
12-5-96,41.0%,26.0%,33.0%
12-12-96,40.0%,28.0%,32.0%
12-19-96,33.0%,28.0%,39.0%
12-26-96,37.0%,33.0%,30.0%
1-2-97,43.0%,33.0%,24.0%
1-9-97,36.0%,39.0%,25.0%
1-16-97,42.0%,32.0%,26.0%
1-23-97,37.0%,41.0%,22.0%
1-30-97,51.0%,33.0%,16.0%
2-6-97,47.0%,29.0%,24.0%
2-13-97,45.0%,37.0%,18.0%
2-20-97,44.0%,36.0%,20.0%
2-27-97,63.0%,22.0%,15.0%
3-6-97,43.0%,37.0%,20.0%
3-13-97,34.0%,36.0%,30.0%
3-20-97,36.0%,42.0%,22.0%
3-27-97,27.0%,40.0%,33.0%
4-3-97,29.0%,40.0%,31.0%
4-10-97,26.0%,37.0%,37.0%
4-17-97,31.0%,41.0%,28.0%
4-24-97,28.0%,40.0%,32.0%
5-1-97,27.0%,44.0%,29.0%
5-8-97,30.0%,44.0%,26.0%
5-15-97,41.0%,36.0%,23.0%
5-22-97,40.0%,35.0%,25.0%
5-29-97,40.0%,40.0%,20.0%
6-5-97,52.0%,33.0%,15.0%
6-12-97,49.0%,35.0%,16.0%
6-19-97,59.0%,26.0%,15.0%
6-26-97,52.0%,25.0%,23.0%
7-3-97,45.0%,30.0%,25.0%
7-10-97,49.0%,33.0%,18.0%
7-17-97,54.0%,30.0%,16.0%
7-24-97,53.0%,25.0%,22.0%
7-31-97,48.0%,26.0%,26.0%
8-7-97,49.0%,28.0%,23.0%
8-14-97,49.0%,30.0%,21.0%
8-21-97,47.0%,33.0%,20.0%
8-28-97,50.0%,28.0%,22.0%
9-4-97,37.0%,38.0%,25.0%
9-11-97,42.0%,36.0%,22.0%
9-18-97,40.0%,44.0%,16.0%
9-25-97,39.0%,42.0%,19.0%
10-2-97,38.0%,43.0%,19.0%
10-9-97,43.0%,43.0%,14.0%
10-16-97,43.0%,36.0%,21.0%
10-23-97,40.0%,46.0%,14.0%
10-30-97,41.0%,36.0%,23.0%
11-6-97,38.0%,37.0%,25.0%
11-13-97,45.0%,38.0%,17.0%
11-20-97,40.0%,38.0%,22.0%
11-26-97,40.0%,40.0%,20.0%
12-4-97,49.0%,33.0%,18.0%
12-11-97,46.0%,37.0%,17.0%
12-18-97,40.0%,41.0%,19.0%
12-24-97,41.0%,36.0%,23.0%
12-31-97,34.0%,35.0%,31.0%
1-8-98,42.0%,40.0%,18.0%
1-16-98,38.0%,45.0%,17.0%
1-23-98,31.0%,39.0%,30.0%
1-30-98,38.0%,42.0%,20.0%
2-5-98,30.0%,45.0%,25.0%
2-12-98,45.0%,36.0%,19.0%
2-19-98,42.0%,43.0%,15.0%
2-26-98,53.0%,33.0%,14.0%
3-5-98,53.0%,34.0%,13.0%
3-12-98,44.0%,36.0%,20.0%
3-19-98,40.0%,38.0%,22.0%
3-26-98,45.0%,35.0%,20.0%
4-2-98,46.0%,32.0%,22.0%
4-9-98,41.0%,36.0%,23.0%
4-16-98,53.0%,32.0%,15.0%
4-23-98,40.0%,38.0%,22.0%
4-30-98,44.0%,31.0%,25.0%
5-7-98,43.0%,34.0%,23.0%
5-14-98,33.0%,41.0%,26.0%
5-21-98,38.0%,39.0%,23.0%
5-28-98,34.0%,40.0%,26.0%
6-4-98,25.0%,44.0%,31.0%
6-11-98,27.0%,49.0%,24.0%
6-18-98,29.0%,38.0%,33.0%
6-25-98,28.0%,44.0%,28.0%
7-2-98,33.0%,48.0%,19.0%
7-9-98,36.0%,44.0%,20.0%
7-16-98,35.0%,44.0%,21.0%
7-23-98,37.0%,39.0%,24.0%
7-30-98,44.0%,36.0%,20.0%
8-6-98,30.0%,44.0%,26.0%
8-13-98,27.0%,38.0%,35.0%
8-20-98,25.0%,42.0%,33.0%
8-27-98,23.0%,32.0%,45.0%
9-3-98,23.0%,37.0%,40.0%
9-10-98,29.0%,31.0%,40.0%
9-17-98,34.0%,35.0%,31.0%
9-24-98,34.0%,38.0%,28.0%
10-1-98,32.0%,35.0%,33.0%
10-8-98,25.0%,43.0%,32.0%
10-15-98,25.0%,34.0%,41.0%
10-22-98,32.0%,35.0%,33.0%
10-29-98,43.0%,36.0%,21.0%
11-5-98,38.0%,42.0%,20.0%
11-12-98,50.0%,36.0%,14.0%
11-19-98,40.0%,42.0%,18.0%
11-25-98,48.0%,35.0%,17.0%
12-3-98,49.0%,30.0%,21.0%
12-10-98,44.0%,30.0%,26.0%
12-17-98,41.0%,34.0%,25.0%
12-23-98,34.0%,34.0%,32.0%
12-31-98,41.0%,37.0%,22.0%
1-7-99,38.0%,39.0%,23.0%
1-14-99,51.0%,28.0%,21.0%
1-21-99,56.0%,24.0%,20.0%
1-28-99,47.0%,33.0%,20.0%
2-4-99,48.0%,38.0%,14.0%
2-11-99,48.0%,35.0%,17.0%
2-18-99,37.0%,39.0%,24.0%
2-25-99,37.0%,39.0%,24.0%
3-4-99,36.0%,45.0%,19.0%
3-11-99,37.0%,42.0%,21.0%
3-18-99,48.0%,31.0%,21.0%
3-25-99,38.0%,33.0%,29.0%
4-1-99,40.0%,35.0%,25.0%
4-8-99,36.0%,38.0%,26.0%
4-15-99,41.0%,31.0%,28.0%
4-22-99,38.0%,32.0%,30.0%
4-29-99,41.0%,32.0%,27.0%
5-6-99,54.0%,32.0%,14.0%
5-13-99,43.0%,31.0%,26.0%
5-20-99,43.0%,31.0%,26.0%
5-27-99,38.0%,42.0%,20.0%
6-3-99,32.0%,36.0%,32.0%
6-10-99,32.0%,40.0%,28.0%
6-17-99,38.0%,35.0%,27.0%
6-24-99,30.0%,39.0%,31.0%
7-1-99,35.0%,38.0%,27.0%
7-8-99,43.0%,36.0%,21.0%
7-15-99,54.0%,28.0%,18.0%
7-22-99,55.0%,23.0%,22.0%
7-29-99,42.0%,38.0%,20.0%
8-5-99,30.0%,46.0%,24.0%
8-12-99,30.0%,40.0%,30.0%
8-19-99,31.0%,46.0%,23.0%
8-26-99,35.0%,40.0%,25.0%
9-2-99,44.0%,38.0%,18.0%
9-9-99,37.0%,38.0%,25.0%
9-16-99,36.0%,43.0%,21.0%
9-23-99,36.0%,36.0%,28.0%
9-30-99,35.0%,42.0%,23.0%
10-7-99,34.0%,38.0%,28.0%
10-14-99,42.0%,39.0%,19.0%
10-21-99,38.0%,37.0%,25.0%
10-28-99,38.0%,38.0%,24.0%
11-4-99,43.0%,35.0%,22.0%
11-11-99,48.0%,26.0%,26.0%
11-18-99,46.0%,32.0%,22.0%
11-24-99,55.0%,28.0%,17.0%
12-2-99,62.0%,25.0%,13.0%
12-9-99,62.0%,27.0%,11.0%
12-16-99,54.0%,26.0%,20.0%
12-23-99,52.0%,31.0%,17.0%
12-30-99,60.0%,25.0%,15.0%
1-6-00,75.0%,11.7%,13.3%
1-13-00,59.3%,22.2%,18.5%
1-20-00,57.1%,25.0%,17.9%
1-27-00,53.7%,25.9%,20.4%
2-3-00,51.1%,24.4%,24.4%
2-10-00,41.9%,30.2%,27.9%
2-17-00,27.3%,48.5%,24.2%
2-24-00,41.4%,27.6%,31.0%
3-2-00,36.7%,40.0%,23.3%
3-8-00,58.3%,25.0%,16.7%
3-16-00,50.0%,23.3%,26.7%
3-23-00,65.7%,14.3%,20.0%
3-30-00,38.9%,11.1%,50.0%
4-6-00,45.8%,33.3%,20.8%
4-13-00,51.9%,18.5%,29.6%
4-20-00,63.7%,13.7%,22.6%
4-27-00,61.3%,24.2%,14.5%
5-4-00,34.8%,30.4%,34.8%
5-11-00,30.2%,44.2%,25.6%
5-18-00,35.3%,23.5%,41.2%
5-25-00,34.9%,28.6%,36.5%
6-1-00,41.7%,20.8%,37.5%
6-8-00,61.5%,15.4%,23.1%
6-15-00,43.8%,37.5%,18.8%
6-22-00,26.7%,33.3%,40.0%
7-6-00,56.1%,28.1%,15.9%
7-13-00,65.0%,15.0%,20.0%
7-20-00,66.7%,21.3%,12.0%
7-27-00,42.9%,37.1%,20.0%
8-3-00,41.3%,34.8%,23.9%
8-10-00,54.1%,34.4%,11.5%
8-17-00,59.4%,21.9%,18.8%
8-23-00,57.7%,19.2%,23.1%
8-31-00,55.9%,26.5%,17.7%
9-7-00,62.5%,29.2%,8.3%
9-14-00,41.2%,35.3%,23.5%
9-21-00,43.8%,37.5%,18.8%
9-28-00,53.3%,40.0%,6.7%
10-5-00,41.9%,32.3%,25.8%
10-12-00,41.5%,26.8%,31.7%
10-19-00,48.9%,26.7%,24.4%
10-26-00,64.1%,18.0%,18.0%
11-2-00,51.6%,25.8%,22.6%
11-9-00,62.9%,28.6%,8.6%
11-16-00,45.8%,37.5%,16.7%
11-23-00,36.5%,27.0%,36.5%
11-30-00,60.4%,22.9%,16.7%
12-7-00,47.1%,15.7%,37.3%
12-14-00,59.6%,7.7%,32.7%
12-21-00,31.1%,17.8%,51.1%
12-28-00,40.0%,28.0%,32.0%
1-4-01,42.6%,33.3%,24.1%
1-11-01,35.7%,21.4%,42.9%
1-18-01,36.6%,39.0%,24.4%
1-25-01,49.2%,24.6%,26.2%
2-1-01,50.0%,30.8%,19.2%
2-8-01,55.6%,30.0%,14.4%
2-15-01,30.4%,47.8%,21.7%
2-22-01,26.3%,35.1%,38.6%
3-1-01,46.0%,20.3%,33.8%
3-8-01,31.6%,36.7%,31.6%
3-15-01,30.9%,32.7%,36.4%
3-22-01,27.8%,25.0%,47.2%
3-29-01,37.3%,35.3%,27.5%
4-5-01,35.1%,26.1%,38.7%
4-12-01,30.3%,28.8%,40.9%
4-19-01,43.8%,25.0%,31.3%
4-26-01,46.6%,22.4%,31.0%
5-3-01,63.5%,14.9%,21.6%
5-10-01,53.3%,28.9%,17.8%
5-17-01,51.8%,29.4%,18.8%
5-24-01,61.9%,21.4%,16.7%
5-31-01,49.4%,22.1%,28.6%
6-7-01,42.6%,31.9%,25.5%
6-14-01,30.5%,47.5%,22.0%
6-21-01,33.3%,43.3%,23.3%
6-28-01,30.4%,36.7%,32.9%
7-5-01,40.7%,40.7%,18.5%
7-12-01,25.3%,38.5%,36.3%
7-19-01,50.0%,34.8%,15.2%
7-26-01,29.5%,32.4%,38.1%
8-2-01,36.4%,27.3%,36.4%
8-9-01,34.9%,37.4%,27.7%
8-16-01,35.4%,27.1%,37.5%
8-23-01,34.5%,34.5%,31.0%
8-30-01,31.4%,45.7%,22.9%
9-6-01,30.3%,36.0%,33.7%
9-13-01,26.7%,36.7%,36.7%
9-20-01,31.1%,24.3%,44.6%
9-27-01,51.1%,26.7%,22.2%
10-4-01,51.2%,19.5%,29.3%
10-11-01,47.4%,24.6%,28.1%
10-18-01,60.6%,18.3%,21.1%
10-25-01,55.9%,26.5%,17.7%
11-1-01,35.0%,31.7%,33.3%
11-8-01,34.6%,23.1%,42.3%
11-15-01,45.5%,21.2%,33.3%
11-22-01,58.3%,16.7%,25.0%
11-29-01,69.3%,10.7%,20.0%
12-6-01,59.2%,16.3%,24.5%
12-13-01,61.4%,24.6%,14.0%
12-20-01,52.5%,21.3%,26.2%
12-27-01,57.7%,15.4%,26.9%
1-3-02,51.1%,24.4%,24.4%
1-10-02,54.8%,23.3%,21.9%
1-17-02,29.6%,40.9%,29.6%
1-24-02,34.7%,34.7%,30.6%
1-31-02,45.5%,31.8%,22.7%
2-7-02,37.5%,39.6%,22.9%
2-14-02,45.2%,38.7%,16.1%
2-21-02,36.4%,38.2%,25.5%
2-28-02,44.4%,35.2%,20.4%
3-7-02,53.3%,31.1%,15.6%
3-14-02,56.5%,29.0%,14.5%
3-21-02,53.2%,35.5%,11.3%
3-28-02,51.2%,25.6%,23.3%
4-4-02,40.5%,39.3%,20.2%
4-11-02,28.2%,38.5%,33.3%
4-18-02,40.2%,36.6%,23.2%
4-25-02,36.7%,40.0%,23.3%
5-2-02,27.0%,39.6%,33.3%
5-9-02,30.3%,29.0%,40.8%
5-16-02,36.8%,34.9%,28.3%
5-23-02,26.2%,33.3%,40.5%
5-29-02,28.3%,31.5%,40.2%
6-6-02,32.8%,27.9%,39.3%
6-13-02,31.8%,34.6%,33.6%
6-20-02,45.7%,28.6%,25.7%
6-27-02,31.0%,23.0%,46.0%
7-3-02,26.6%,26.6%,46.9%
7-11-02,35.1%,22.7%,42.3%
7-18-02,26.3%,20.0%,53.8%
7-25-02,27.9%,23.3%,48.8%
8-1-02,34.2%,34.2%,31.6%
8-8-02,37.7%,23.0%,39.3%
8-15-02,37.9%,20.7%,41.4%
8-22-02,43.8%,16.7%,39.6%
8-29-02,50.0%,21.0%,29.0%
9-5-02,31.5%,18.5%,50.0%
9-12-02,38.4%,24.7%,37.0%
9-19-02,33.8%,23.0%,43.2%
9-26-02,24.5%,28.4%,47.1%
10-3-02,35.2%,16.9%,47.9%
10-10-02,28.9%,16.4%,54.8%
10-17-02,39.5%,21.1%,39.5%
10-24-02,44.6%,21.7%,33.7%
10-31-02,51.5%,20.6%,27.9%
11-7-02,50.0%,23.7%,26.3%
11-14-02,48.7%,18.9%,32.4%
11-21-02,50.6%,28.1%,21.4%
11-28-02,51.1%,17.0%,31.9%
12-5-02,52.9%,29.4%,17.7%
12-12-02,41.4%,34.5%,24.1%
12-19-02,42.9%,27.1%,30.0%
12-26-02,40.0%,28.0%,32.0%
1-2-03,32.4%,29.7%,37.8%
1-9-03,38.1%,19.1%,42.9%
1-16-03,29.2%,41.7%,29.2%
1-23-03,25.0%,31.8%,43.2%
1-30-03,25.5%,26.6%,47.9%
2-6-03,22.9%,51.4%,25.7%
2-13-03,21.9%,40.0%,38.1%
2-20-03,21.1%,21.1%,57.9%
2-27-03,26.0%,26.8%,47.2%
3-6-03,33.3%,27.3%,39.4%
3-13-03,34.3%,14.3%,51.4%
3-20-03,42.9%,19.1%,38.1%
3-27-03,39.4%,27.9%,32.7%
4-3-03,32.4%,29.4%,38.2%
4-10-03,38.5%,30.8%,30.8%
4-17-03,46.3%,22.2%,31.5%
4-24-03,63.0%,18.0%,19.0%
5-1-03,48.6%,25.7%,25.7%
5-8-03,52.8%,28.8%,18.4%
5-15-03,62.8%,20.9%,16.3%
5-22-03,38.5%,26.0%,35.6%
5-29-03,62.9%,22.9%,14.3%
6-5-03,52.0%,28.8%,19.2%
6-12-03,50.0%,20.8%,29.2%
6-19-03,56.4%,7.7%,35.9%
6-26-03,71.4%,20.0%,8.6%
7-3-03,41.2%,23.5%,35.3%
7-10-03,43.2%,25.7%,31.1%
7-17-03,51.3%,20.2%,28.6%
7-24-03,52.0%,17.3%,30.7%
7-31-03,51.5%,32.3%,16.2%
8-7-03,45.5%,22.1%,32.5%
8-14-03,50.6%,25.8%,23.6%
8-21-03,63.0%,18.5%,18.5%
8-28-03,56.7%,20.6%,22.7%
9-4-03,62.3%,21.3%,16.4%
9-11-03,58.1%,24.4%,17.4%
9-18-03,62.8%,17.7%,19.6%
9-25-03,57.3%,20.4%,22.3%
10-2-03,50.0%,21.4%,28.6%
10-9-03,57.6%,19.2%,23.2%
10-16-03,60.3%,25.9%,13.8%
10-23-03,52.8%,30.6%,16.7%
10-30-03,57.8%,23.4%,18.8%
11-6-03,57.6%,25.8%,16.7%
11-13-03,53.3%,32.2%,14.4%
11-20-03,53.2%,25.8%,21.0%
11-27-03,60.4%,18.9%,20.8%
12-4-03,69.4%,16.2%,14.4%
12-11-03,55.3%,23.7%,21.1%
12-18-03,60.2%,20.4%,19.4%
12-26-03,65.5%,17.2%,17.2%
1-1-04,62.4%,24.1%,13.5%
1-8-04,67.2%,14.9%,17.9%
1-15-04,66.3%,23.6%,10.1%
1-22-04,69.5%,17.1%,13.4%
1-29-04,56.9%,28.1%,15.0%
2-5-04,50.9%,27.3%,21.8%
2-12-04,56.1%,29.3%,14.6%
2-19-04,56.5%,22.6%,21.0%
2-26-04,41.6%,27.9%,30.5%
3-4-04,47.8%,39.1%,13.0%
3-11-04,41.3%,25.2%,33.6%
3-18-04,38.6%,35.1%,26.3%
3-25-04,31.5%,25.9%,42.6%
4-1-04,55.2%,22.4%,22.4%
4-8-04,58.8%,21.0%,20.3%
4-15-04,63.8%,22.5%,13.8%
4-22-04,50.0%,27.5%,22.5%
4-29-04,50.0%,28.8%,21.2%
5-6-04,39.0%,33.9%,27.1%
5-13-04,32.9%,23.7%,43.4%
5-20-04,36.7%,23.3%,40.0%
5-27-04,36.1%,23.6%,40.3%
6-3-04,33.3%,40.5%,26.2%
6-10-04,55.3%,29.0%,15.8%
6-17-04,41.4%,30.5%,28.1%
6-24-04,56.4%,20.5%,23.1%
7-1-04,57.0%,27.3%,15.8%
7-8-04,55.1%,23.5%,21.4%
7-15-04,47.4%,29.0%,23.7%
7-22-04,35.7%,40.5%,23.8%
7-29-04,34.0%,30.0%,36.0%
8-5-04,31.0%,35.2%,33.8%
8-12-04,38.6%,21.4%,40.0%
8-19-04,34.9%,30.2%,34.9%
8-26-04,41.5%,33.1%,25.4%
9-2-04,41.5%,30.2%,28.3%
9-9-04,50.5%,25.7%,23.8%
9-16-04,45.5%,22.7%,31.8%
9-23-04,51.2%,22.0%,26.8%
9-30-04,41.1%,19.6%,39.3%
10-7-04,56.9%,23.4%,19.7%
10-14-04,44.7%,27.1%,28.2%
10-21-04,42.5%,28.8%,28.8%
10-28-04,42.3%,26.0%,31.7%
11-4-04,57.1%,20.0%,22.9%
11-11-04,62.5%,15.9%,21.6%
11-18-04,64.1%,13.5%,22.4%
11-24-04,49.5%,23.7%,26.8%
12-2-04,56.8%,17.8%,25.4%
12-9-04,51.4%,23.4%,25.2%
12-16-04,52.5%,28.3%,19.2%
12-23-04,60.2%,21.6%,18.2%
12-30-04,57.7%,24.8%,17.5%
1-6-05,38.1%,27.4%,34.5%
1-13-05,34.0%,26.1%,39.9%
1-20-05,33.7%,32.7%,33.7%
1-27-05,26.4%,37.1%,36.4%
2-3-05,41.7%,33.3%,25.0%
2-10-05,43.8%,33.3%,22.9%
2-17-05,36.4%,33.8%,29.9%
2-24-05,31.8%,36.4%,31.8%
3-3-05,39.5%,33.3%,27.2%
3-10-05,49.7%,25.5%,24.8%
3-17-05,32.5%,35.1%,32.5%
3-24-05,23.2%,34.8%,41.9%
3-31-05,28.4%,20.6%,51.0%
4-7-05,27.7%,28.4%,43.9%
4-14-05,16.5%,41.8%,41.8%
4-21-05,36.8%,30.3%,32.9%
4-28-05,29.8%,35.5%,34.7%
5-5-05,28.6%,26.5%,44.9%
5-12-05,30.5%,33.1%,36.4%
5-19-05,38.92%,32.43%,28.65%
5-26-05,44.14%,32.43%,23.42%
6-2-05,48.61%,31.94%,19.44%
6-9-05,45.98%,34.48%,19.54%
6-16-05,48.05%,33.12%,18.83%
6-23-05,46.59%,35.23%,18.18%
6-30-05,45.89%,24.66%,29.45%
7-7-05,43.01%,36.56%,20.43%
7-14-05,57.89%,28.07%,14.04%
7-21-05,41.18%,31.37%,27.45%
7-28-05,57.52%,24.84%,17.65%
8-4-05,47.83%,26.09%,26.09%
8-11-05,39.74%,31.41%,28.85%
8-18-05,29.29%,30.30%,40.40%
8-25-05,36.14%,32.53%,31.33%
9-1-05,31.76%,30.59%,37.65%
9-8-05,42.31%,25.00%,32.69%
9-15-05,51.43%,20.00%,28.57%
9-22-05,39.47%,28.07%,32.46%
9-29-05,31.88%,28.99%,39.13%
10-6-05,50.00%,22.58%,27.42%
10-13-05,38.96%,12.99%,48.05%
10-20-05,43.11%,20.96%,35.93%
10-27-05,32.05%,21.79%,46.15%
11-3-05,42.95%,29.49%,27.56%
11-10-05,58.62%,18.39%,22.99%
11-17-05,53.63%,24.58%,21.79%
11-24-05,57.33%,26.67%,16.00%
12-1-05,52.47%,24.07%,23.46%
12-8-05,49.47%,31.58%,18.95%
12-15-05,46.15%,31.73%,22.12%
12-22-05,41.03%,30.77%,28.21%
12-29-05,37.30%,26.19%,36.51%
1-5-06,29.35%,30.43%,40.22%
1-12-06,58.96%,21.97%,19.08%
1-19-06,50.00%,24.17%,25.83%
1-26-06,30.77%,35.90%,33.33%
2-2-06,44.70%,21.97%,33.33%
2-9-06,40.19%,25.23%,34.58%
2-16-06,40.18%,24.11%,35.71%
2-23-06,43.21%,28.40%,28.40%
3-2-06,40.94%,29.92%,29.13%
3-9-06,41.21%,28.02%,30.77%
3-16-06,46.55%,20.69%,32.76%
3-23-06,43.75%,28.75%,27.50%
3-30-06,37.21%,30.23%,32.56%
4-6-06,47.67%,29.07%,23.26%
4-13-06,45.36%,26.80%,27.84%
4-20-06,33.73%,25.44%,40.83%
4-27-06,42.11%,21.93%,35.96%
5-4-06,45.89%,20.55%,33.56%
5-11-06,54.90%,17.65%,27.45%
5-18-06,39.39%,16.97%,43.64%
5-25-06,33.04%,21.43%,45.54%
6-1-06,30.77%,19.23%,50.00%
6-8-06,26.23%,28.69%,45.08%
6-15-06,26.41%,18.61%,54.98%
6-22-06,34.40%,24.00%,41.60%
6-29-06,38.60%,21.64%,39.77%
7-6-06,37.70%,19.67%,42.62%
7-13-06,36.50%,24.09%,39.42%
7-20-06,23.85%,18.35%,57.80%
7-27-06,34.88%,22.09%,43.02%
8-3-06,31.46%,21.35%,47.19%
8-10-06,36.59%,21.95%,41.46%
8-17-06,30.53%,33.68%,35.79%
8-24-06,39.35%,23.23%,37.42%
8-31-06,41.57%,32.58%,25.84%
9-7-06,42.99%,27.10%,29.91%
9-14-06,47.95%,13.70%,38.36%
9-21-06,47.75%,18.02%,34.23%
9-28-06,51.32%,15.79%,32.89%
10-5-06,37.78%,15.56%,46.67%
10-12-06,48.98%,13.27%,37.76%
10-19-06,54.20%,16.03%,29.77%
10-26-06,52.17%,17.39%,30.43%
11-2-06,43.75%,19.38%,36.88%
11-9-06,50.60%,22.89%,26.51%
11-16-06,46.56%,22.90%,30.53%
11-23-06,41.94%,16.13%,41.94%
11-30-06,40.22%,12.29%,47.49%
12-7-06,38.94%,19.47%,41.59%
12-14-06,41.33%,20.67%,38.00%
12-21-06,39.08%,18.39%,42.53%
12-28-06,46.00%,18.00%,36.00%
1-4-07,49.14%,21.55%,29.31%
1-11-07,44.44%,21.30%,34.26%
1-18-07,57.78%,15.15%,27.27%
1-25-07,39.51%,27.16%,33.33%
2-1-07,46.32%,23.16%,30.53%
2-8-07,46.15%,23.85%,30.00%
2-15-07,47.57%,21.36%,31.07%
2-22-07,53.85%,23.85%,22.31%
3-1-07,36.63%,23.76%,39.60%
3-8-07,35.80%,19.32%,44.89%
3-15-07,32.99%,21.65%,45.36%
3-22-07,43.88%,23.02%,33.09%
3-29-07,42.68%,31.71%,25.61%
4-5-07,32.26%,27.96%,39.78%
4-12-07,40.85%,21.13%,38.03%
4-19-07,46.94%,23.47%,29.59%
4-26-07,39.24%,22.78%,37.97%
5-3-07,28.57%,17.14%,54.29%
5-10-07,42.86%,14.29%,42.86%
5-17-07,38.39%,25.00%,36.61%
5-24-07,37.35%,24.10%,38.55%
5-31-07,33.33%,21.88%,44.79%
6-7-07,40.59%,16.83%,42.57%
6-14-07,37.30%,19.05%,43.65%
6-21-07,43.16%,23.16%,33.68%
6-28-07,39.02%,25.20%,35.77%
7-5-07,43.84%,23.29%,32.88%
7-12-07,43.64%,26.36%,30.00%
7-19-07,41.77%,21.52%,36.71%
7-26-07,44.21%,18.95%,36.84%
8-2-07,45.88%,14.12%,40.00%
8-9-07,45.76%,15.25%,38.98%
8-16-07,42.22%,12.22%,45.56%
8-23-07,41.28%,15.60%,43.12%
8-30-07,40.30%,13.43%,46.27%
9-6-07,38.38%,19.19%,42.42%
9-13-07,40.00%,24.71%,35.29%
9-20-07,39.24%,29.11%,31.65%
9-27-07,49.37%,16.46%,34.18%
10-4-07,51.81%,22.89%,25.30%
10-11-07,54.64%,19.59%,25.77%
10-18-07,41.96%,22.32%,35.71%
10-25-07,31.25%,20.54%,48.21%
11-1-07,44.71%,18.82%,36.47%
11-8-07,36.19%,12.38%,51.43%
11-15-07,33.01%,17.48%,49.51%
11-22-07,25.58%,21.71%,52.71%
11-29-07,28.57%,15.31%,56.12%
12-6-07,40.65%,19.51%,39.84%
12-13-07,47.62%,16.67%,35.71%
12-20-07,35.85%,16.98%,47.17%
12-27-07,30.00%,20.00%,50.00%
1-3-08,25.71%,19.05%,55.24%
1-10-08,19.63%,21.50%,58.88%
1-17-08,24.30%,21.30%,54.44%
1-24-08,25.14%,15.85%,59.02%
1-31-08,30.08%,21.05%,48.87%
2-7-08,34.11%,18.69%,47.20%
2-14-08,33.33%,24.81%,41.86%
2-21-08,33.18%,22.12%,44.70%
2-28-08,34.31%,20.44%,45.26%
3-6-08,21.98%,26.37%,51.65%
3-13-08,20.42%,20.42%,59.15%
3-20-08,25.21%,20.51%,54.27%
3-27-08,41.60%,24.80%,33.60%
4-3-08,36.70%,23.94%,39.36%
4-10-08,45.76%,16.95%,37.29%
4-17-08,30.37%,20.94%,48.69%
4-24-08,46.67%,25.83%,27.50%
5-1-08,53.29%,20.39%,26.32%
5-8-08,52.81%,22.47%,24.72%
5-15-08,45.16%,25.16%,29.68%
5-22-08,46.30%,19.44%,34.26%
5-29-08,31.36%,22.88%,45.76%
6-5-08,43.48%,18.48%,38.04%
6-12-08,31.25%,15.18%,53.57%
6-19-08,32.98%,21.28%,45.74%
6-26-08,31.25%,16.48%,52.27%
7-3-08,23.93%,23.93%,52.14%
7-10-08,22.17%,22.66%,55.17%
7-17-08,25.00%,16.86%,58.14%
7-24-08,35.82%,20.14%,44.03%
7-31-08,40.00%,18.82%,41.18%
8-7-08,35.61%,21.97%,42.42%
8-14-08,42.86%,18.18%,38.96%
8-21-08,38.10%,24.60%,37.30%
8-28-08,30.68%,23.86%,45.45%
9-4-08,37.04%,19.75%,43.21%
9-11-08,29.27%,15.85%,54.88%
9-18-08,27.21%,18.37%,54.42%
9-25-08,34.04%,20.21%,45.74%
10-2-08,33.33%,11.67%,55.00%
10-9-08,31.47%,7.69%,60.84%
10-16-08,40.94%,19.30%,39.77%
10-23-08,38.74%,22.52%,38.74%
10-30-08,37.14%,22.29%,40.57%
11-6-08,44.83%,21.84%,33.33%
11-13-08,38.33%,19.17%,42.50%
11-20-08,24.37%,18.49%,57.14%
11-27-08,31.25%,23.86%,44.89%
12-4-08,26.67%,25.56%,47.78%
12-11-08,37.50%,22.66%,39.84%
12-18-08,39.73%,24.66%,35.62%
12-25-08,28.95%,27.19%,43.86%
1-1-09,24.00%,21.33%,54.67%
1-8-09,48.70%,16.23%,35.06%
1-15-09,27.63%,25.00%,47.37%
1-22-09,27.21%,26.47%,46.32%
1-29-09,25.27%,27.47%,47.25%
2-5-09,24.63%,31.34%,44.03%
2-12-09,32.91%,27.85%,39.24%
2-19-09,21.64%,21.64%,56.72%
2-26-09,24.30%,20.56%,55.14%
3-5-09,18.92%,10.81%,70.27%
3-12-09,27.64%,17.89%,54.47%
3-19-09,45.06%,16.67%,38.27%
3-26-09,39.13%,18.48%,42.39%
4-2-09,42.66%,20.28%,37.06%
4-9-09,35.71%,20.00%,44.29%
4-16-09,44.14%,20.00%,35.86%
4-23-09,31.82%,29.55%,38.64%
4-30-09,36.09%,20.30%,43.61%
5-7-09,44.09%,22.58%,33.33%
5-14-09,43.81%,20.95%,35.24%
5-21-09,33.72%,20.93%,45.35%
5-28-09,40.37%,11.01%,48.62%
6-4-09,47.56%,15.85%,36.59%
6-11-09,39.25%,21.50%,39.25%
6-18-09,33.33%,20.24%,46.43%
6-25-09,28.00%,23.20%,48.80%
7-2-09,37.84%,17.57%,44.59%
7-9-09,27.91%,17.44%,54.65%
7-16-09,28.68%,24.26%,47.06%
7-23-09,37.60%,20.00%,42.40%
7-30-09,47.67%,20.93%,31.40%
8-6-09,50.00%,14.84%,35.16%
8-13-09,51.00%,16.00%,33.00%
8-20-09,34.07%,25.93%,40.00%
8-27-09,33.98%,17.48%,48.54%
9-3-09,37.97%,24.05%,37.97%
9-10-09,37.33%,18.67%,44.00%
9-17-09,42.14%,17.86%,40.00%
9-24-09,39.09%,16.36%,44.55%
10-1-09,43.55%,20.97%,35.48%
10-8-09,35.09%,23.68%,41.23%
10-15-09,47.30%,18.92%,33.78%
10-22-09,40.48%,23.81%,35.71%
10-29-09,33.65%,24.04%,42.31%
11-5-09,22.22%,22.22%,55.56%
11-12-09,38.60%,22.80%,38.60%
11-19-09,42.73%,25.45%,31.82%
11-26-09,41.66%,16.66%,41.66%
12-3-09,41.58%,24.75%,33.66%
12-10-09,42.68%,21.95%,35.37%
12-17-09,42.11%,29.47%,28.42%
12-24-09,37.68%,24.64%,37.68%
12-31-09,49.18%,27.87%,22.95%
1-7-10,41.00%,33.00%,26.00%
1-14-10,47.44%,25.64%,26.92%
1-21-10,40.00%,25.26%,34.74%
1-28-10,35.00%,28.33%,36.67%
2-4-10,29.23%,27.69%,43.08%
2-11-10,36.75%,21.37%,41.88%
2-18-10,35.85%,28.93%,35.22%
2-25-10,34.89%,35.57%,29.53%
3-4-10,35.86%,37.93%,26.21%
3-11-10,45.29%,29.41%,25.29%
3-18-10,35.37%,34.76%,29.88%
3-25-10,32.39%,32.95%,34.66%
4-1-10,41.30%,27.54%,31.16%
4-8-10,42.86%,26.79%,30.36%
4-15-10,48.48%,21.82%,29.70%
4-22-10,38.12%,27.62%,34.25%
4-29-10,41.36%,30.00%,28.64%
5-6-10,39.13%,32.30%,28.57%
5-13-10,36.60%,26.80%,36.60%
5-20-10,41.30%,25.00%,33.70%
5-27-10,29.83%,19.30%,50.88%
6-3-10,37.09%,22.07%,40.85%
6-10-10,34.48%,22.41%,43.10%
6-17-10,42.45%,26.89%,30.66%
6-24-10,34.46%,33.11%,32.43%
7-1-10,24.68%,33.33%,41.99%
7-8-10,20.94%,21.99%,57.07%
7-15-10,39.37%,22.84%,37.80%
7-22-10,32.16%,22.81%,45.03%
7-29-10,40.00%,26.67%,33.33%
8-5-10,30.39%,31.37%,38.24%
8-12-10,39.76%,30.12%,30.12%
8-19-10,30.11%,27.42%,42.47%
8-26-10,20.74%,29.79%,49.47%
9-2-10,30.80%,27.00%,42.21%
9-9-10,43.87%,24.51%,31.61%
9-16-10,50.89%,24.85%,24.26%
9-23-10,44.97%,29.63%,25.40%
9-30-10,42.53%,25.86%,31.61%
10-7-10,49.03%,23.23%,27.74%
10-14-10,47.10%,26.09%,26.81%
10-21-10,49.62%,25.19%,25.19%
10-28-10,51.23%,27.16%,21.60%
11-4-10,48.23%,21.99%,29.79%
11-11-10,57.56%,13.95%,28.49%
11-18-10,40.00%,27.50%,32.50%
11-25-10,47.40%,27.92%,24.68%
12-2-10,49.66%,24.14%,26.21%
12-9-10,53.05%,24.39%,22.56%
12-16-10,50.23%,22.62%,27.15%
12-23-10,63.28%,20.31%,16.40%
12-30-10,51.61%,28.34%,20.05%
1-6-11,55.88%,25.86%,18.25%
1-13-11,52.34%,24.22%,23.44%
1-20-11,50.75%,20.15%,29.10%
1-27-11,42.04%,23.67%,34.29%
2-3-11,51.54%,21.59%,26.87%
2-10-11,49.40%,23.69%,26.91%
2-17-11,46.58%,27.85%,25.57%
2-24-11,36.63%,27.23%,36.14%
3-3-11,36.79%,30.05%,33.16%
3-10-11,35.97%,31.71%,32.32%
3-17-11,28.49%,31.39%,40.12%
3-24-11,37.74%,27.27%,34.97%
3-31-11,41.81%,27.12%,31.07%
4-7-11,43.59%,27.56%,28.85%
4-14-11,42.25%,26.76%,30.99%
4-21-11,32.16%,36.84%,30.99%
4-28-11,37.90%,31.45%,30.65%
5-5-11,35.46%,32.67%,31.87%
5-12-11,30.77%,33.73%,35.50%
5-19-11,26.69%,32.02%,41.29%
5-26-11,25.61%,32.97%,41.42%
6-2-11,30.18%,36.39%,33.43%
6-9-11,24.42%,27.91%,47.67%
6-16-11,29.00%,28.25%,42.75%
6-23-11,37.46%,26.80%,35.74%
6-30-11,38.31%,31.49%,30.19%
7-7-11,41.77%,33.54%,24.68%
7-14-11,39.31%,31.45%,29.25%
7-21-11,39.86%,29.54%,30.61%
7-28-11,37.84%,30.74%,31.42%
8-4-11,27.16%,22.99%,49.85%
8-11-11,33.43%,21.79%,44.78%
8-18-11,35.56%,24.62%,39.82%
8-25-11,36.44%,22.60%,40.96%
9-1-11,38.62%,29.04%,32.34%
9-8-11,30.22%,29.50%,40.29%
9-15-11,30.50%,28.15%,41.35%
9-22-11,25.33%,26.67%,48.00%
9-29-11,32.51%,20.68%,46.79%
10-6-11,35.23%,19.04%,45.71%
10-13-11,39.77%,23.86%,36.36%
10-20-11,35.98%,29.41%,34.60%
10-27-11,43.00%,32.00%,25.00%
11-3-11,40.18%,30.20%,29.62%
11-10-11,44.73%,30.70%,24.56%
11-17-11,41.93%,27.01%,31.04%
11-24-11,32.71%,29.01%,38.27%
12-1-11,33.04%,27.53%,39.42%
12-8-11,38.57%,26.66%,34.76%
12-15-11,40.18%,26.16%,33.64%
12-22-11,33.73%,38.04%,28.24%
12-29-11,40.60%,28.57%,30.83%
1-5-12,48.88%,33.95%,17.16%
1-12-12,49.14%,33.68%,17.18%
1-19-12,47.23%,29.15%,23.61%
1-26-12,48.40%,32.69%,18.91%
2-2-12,43.81%,31.12%,25.08%
2-9-12,51.64%,28.17%,20.19%
2-16-12,42.71%,30.65%,26.63%
2-23-12,43.69%,28.80%,27.51%
3-1-12,44.51%,28.66%,26.83%
3-8-12,42.38%,28.62%,29.00%
3-15-12,45.61%,27.20%,27.20%
3-22-12,42.38%,29.80%,27.81%
3-29-12,42.47%,32.05%,25.48%
4-5-12,38.17%,34.02%,27.80%
4-12-12,28.14%,30.30%,41.56%
4-19-12,31.18%,34.98%,33.84%
4-26-12,27.64%,34.96%,37.40%
5-3-12,35.40%,36.13%,28.47%
5-10-12,25.40%,32.54%,42.06%
5-17-12,23.58%,30.45%,45.97%
5-24-12,30.47%,30.86%,38.67%
5-31-12,28.02%,29.96%,42.02%
6-7-12,27.45%,26.80%,45.75%
6-14-12,34.04%,30.18%,35.79%
6-21-12,32.89%,31.23%,35.88%
6-28-12,28.67%,26.96%,44.37%
7-5-12,32.64%,34.03%,33.33%
7-12-12,30.23%,35.05%,34.73%
7-19-12,22.19%,36.02%,41.79%
7-26-12,28.12%,28.75%,43.13%
8-2-12,30.45%,34.63%,34.93%
8-9-12,36.47%,36.18%,27.35%
8-16-12,36.84%,35.09%,28.07%
8-23-12,41.96%,32.17%,25.87%
8-30-12,34.72%,32.64%,32.64%
9-6-12,33.06%,33.88%,33.06%
9-13-12,36.46%,30.56%,32.99%
9-20-12,37.50%,28.72%,33.78%
9-27-12,36.10%,27.44%,36.46%
10-4-12,33.86%,32.91%,33.23%
10-11-12,30.58%,30.58%,38.85%
10-18-12,28.66%,26.79%,44.55%
10-25-12,29.25%,27.67%,43.08%
11-1-12,35.74%,23.28%,40.98%
11-8-12,38.50%,21.60%,39.91%
11-15-12,28.82%,22.35%,48.82%
11-22-12,35.82%,23.40%,40.78%
11-28-12,40.93%,24.71%,34.36%
12-6-12,42.22%,23.17%,34.60%
12-13-12,43.23%,26.69%,30.08%
12-20-12,46.40%,28.80%,24.80%
12-27-12,44.40%,25.37%,30.22%
1-3-13,38.71%,25.09%,36.20%
1-10-13,46.45%,26.63%,26.92%
1-17-13,43.94%,28.73%,27.32%
1-24-13,52.34%,23.39%,24.27%
1-31-13,48.04%,27.65%,24.30%
2-7-13,42.77%,27.67%,29.56%
2-14-13,42.25%,29.01%,28.73%
2-21-13,41.79%,25.71%,32.50%
2-28-13,28.39%,35.02%,36.59%
3-7-13,31.06%,30.43%,38.51%
3-14-13,45.42%,22.55%,32.03%
3-21-13,38.94%,27.72%,33.33%
3-28-13,38.40%,32.95%,28.65%
4-4-13,35.49%,36.34%,28.17%
4-11-13,19.31%,26.21%,54.48%
4-18-13,26.85%,24.93%,48.22%
4-25-13,28.29%,32.89%,38.82%
5-2-13,30.99%,33.10%,35.92%
5-9-13,40.79%,31.77%,27.44%
5-16-13,38.49%,32.18%,29.34%
5-23-13,48.97%,29.45%,21.58%
5-30-13,35.97%,34.39%,29.64%
6-6-13,29.47%,31.58%,38.95%
6-13-13,32.97%,32.43%,34.59%
6-20-13,37.45%,32.58%,29.96%
6-27-13,30.28%,34.56%,35.17%
7-4-13,41.99%,34.16%,23.84%
7-11-13,48.94%,32.77%,18.30%
7-18-13,47.74%,31.01%,21.25%
7-25-13,45.12%,32.32%,22.56%
8-1-13,35.62%,39.38%,25.00%
8-8-13,39.50%,33.86%,26.65%
8-15-13,34.51%,37.32%,28.17%
8-22-13,28.96%,28.19%,42.86%
8-29-13,33.54%,35.71%,30.75%
9-5-13,35.53%,33.22%,31.25%
9-12-13,45.52%,29.90%,24.58%
9-19-13,45.11%,25.19%,29.70%
9-26-13,36.05%,33.33%,30.61%
10-3-13,37.84%,32.09%,30.07%
10-10-13,41.33%,25.09%,33.58%
10-17-13,46.28%,28.80%,24.92%
10-24-13,49.20%,33.23%,17.57%
10-31-13,44.97%,33.56%,21.48%
11-7-13,45.48%,32.71%,21.81%
11-14-13,39.20%,33.33%,27.47%
11-21-13,34.39%,36.13%,29.48%
11-28-13,47.30%,24.44%,28.25%
12-5-13,42.64%,29.81%,27.55%
12-12-13,41.27%,33.73%,25.00%
12-19-13,47.46%,27.46%,25.08%
12-26-13,55.06%,26.40%,18.54%
1-2-14,43.09%,27.64%,29.27%
1-9-14,43.62%,31.38%,25.00%
1-16-14,38.99%,39.52%,21.49%
1-23-14,38.12%,38.12%,23.76%
1-30-14,32.18%,35.06%,32.76%
2-6-14,27.90%,35.70%,36.41%
2-13-14,40.15%,32.51%,27.34%
2-20-14,42.20%,35.00%,22.80%
2-27-14,39.69%,39.18%,21.13%
3-6-14,40.51%,32.86%,26.63%
3-13-14,41.34%,31.84%,26.82%
3-20-14,36.78%,37.07%,26.15%
3-27-14,31.16%,40.23%,28.61%
4-3-14,35.36%,37.86%,26.79%
4-10-14,28.48%,37.42%,34.11%
4-17-14,27.22%,38.53%,34.25%
4-24-14,34.50%,39.47%,26.02%
5-1-14,29.77%,40.78%,29.45%
5-8-14,28.34%,42.99%,28.66%
5-15-14,33.12%,44.27%,22.61%
5-22-14,30.43%,43.17%,26.40%
5-29-14,36.46%,40.33%,23.20%
6-5-14,39.51%,38.27%,22.22%
6-12-14,44.69%,34.06%,21.25%
6-19-14,35.17%,40.70%,24.13%
6-26-14,37.22%,41.69%,21.09%
7-3-14,38.51%,39.10%,22.39%
7-10-14,37.64%,33.71%,28.65%
7-17-14,32.36%,39.16%,28.48%
7-24-14,29.63%,40.43%,29.94%
7-31-14,31.12%,37.76%,31.12%
8-7-14,30.89%,30.89%,38.23%
8-14-14,39.81%,33.23%,26.96%
8-21-14,46.11%,30.24%,23.65%
8-28-14,51.92%,28.85%,19.23%
9-4-14,44.67%,31.36%,23.96%
9-11-14,40.38%,33.01%,26.60%
9-18-14,42.24%,34.78%,22.98%
9-25-14,41.84%,29.93%,28.23%
10-2-14,35.42%,33.68%,30.90%
10-9-14,39.88%,29.14%,30.98%
10-16-14,42.66%,23.64%,33.70%
10-23-14,49.69%,27.81%,22.50%
10-30-14,49.37%,29.56%,21.07%
11-6-14,52.69%,32.26%,15.05%
11-13-14,57.93%,22.76%,19.31%
11-20-14,49.12%,27.06%,23.82%
11-27-14,52.15%,27.06%,20.79%
12-4-14,42.68%,31.38%,25.94%
12-11-14,45.02%,32.65%,22.34%
12-18-14,38.74%,34.39%,26.88%
12-25-14,50.94%,30.19%,18.87%
1-1-15,51.74%,28.96%,19.31%
1-8-15,41.01%,31.30%,27.70%
1-15-15,46.11%,32.40%,21.50%
1-22-15,37.14%,32.06%,30.79%
1-29-15,44.17%,33.44%,22.39%
2-5-15,35.49%,32.08%,32.42%
2-12-15,40.00%,39.67%,20.33%
2-19-15,47.02%,35.10%,17.88%
2-26-15,45.37%,34.33%,20.30%
3-5-15,39.80%,36.84%,23.36%
3-12-15,31.60%,43.00%,25.41%
3-19-15,27.16%,41.36%,31.48%
3-26-15,38.43%,37.19%,24.38%
4-2-15,35.40%,32.65%,31.96%
4-9-15,28.70%,47.15%,24.15%
4-16-15,32.07%,45.15%,22.78%
4-23-15,31.47%,45.34%,23.19%
4-30-15,30.84%,47.21%,21.95%
5-7-15,27.06%,46.10%,26.84%
5-14-15,26.74%,46.90%,26.36%
5-21-15,25.21%,49.79%,25.00%
5-28-15,27.00%,47.86%,25.14%
6-4-15,27.34%,48.03%,24.63%
6-11-15,20.04%,47.38%,32.58%
6-18-15,25.41%,40.29%,34.30%
6-25-15,35.56%,42.78%,21.67%
7-2-15,22.61%,42.30%,35.09%
7-9-15,27.91%,42.92%,29.18%
7-16-15,30.81%,45.95%,23.24%
7-23-15,32.54%,41.87%,25.60%
7-30-15,21.11%,38.19%,40.70%
8-6-15,24.32%,44.03%,31.66%
8-13-15,30.45%,33.40%,36.15%
8-20-15,26.82%,39.85%,33.33%
8-27-15,32.50%,29.23%,38.27%
9-3-15,32.38%,35.94%,31.67%
9-10-15,34.65%,30.34%,35.01%
9-17-15,33.26%,37.60%,29.13%
9-24-15,32.12%,39.19%,28.69%
10-1-15,28.11%,31.98%,39.92%
10-8-15,37.52%,34.29%,28.19%
10-15-15,34.08%,38.78%,27.14%
10-22-15,34.77%,41.21%,24.02%
10-29-15,40.39%,39.02%,20.59%
11-5-15,39.00%,42.40%,18.60%
11-12-15,34.27%,42.72%,23.00%
11-19-15,30.77%,38.68%,30.55%
11-26-15,32.36%,41.61%,26.03%
12-3-15,29.49%,49.31%,21.20%
12-10-15,28.51%,41.61%,29.89%
12-17-15,23.87%,36.75%,39.38%
12-24-15,26.38%,42.13%,31.49%
12-31-15,25.07%,51.31%,23.62%
1-7-16,22.17%,39.57%,38.26%
1-14-16,17.90%,36.58%,45.53%
1-21-16,21.52%,29.77%,48.71%
1-28-16,29.75%,30.28%,39.96%
2-4-16,27.55%,37.74%,34.72%
2-11-16,19.24%,32.06%,48.70%
2-18-16,27.56%,34.64%,37.80%
2-25-16,31.19%,37.39%,31.42%
3-3-16,32.02%,38.74%,29.25%
3-10-16,37.36%,38.27%,24.37%
3-17-16,29.96%,43.18%,26.86%
3-24-16,33.78%,42.51%,23.71%
3-31-16,27.18%,47.06%,25.76%
4-7-16,32.19%,46.35%,21.46%
4-14-16,27.85%,47.26%,24.89%
4-21-16,33.41%,42.67%,23.92%
4-28-16,27.37%,44.03%,28.60%
5-5-16,22.33%,47.33%,30.34%
5-12-16,20.41%,48.30%,31.29%
5-19-16,19.34%,46.56%,34.10%
5-26-16,17.75%,52.86%,29.39%
6-2-16,30.17%,40.78%,29.05%
6-9-16,27.83%,44.34%,27.83%
6-16-16,25.35%,37.15%,37.50%
6-23-16,21.97%,42.80%,35.23%
6-30-16,28.91%,37.67%,33.42%
7-7-16,31.06%,42.29%,26.65%
7-14-16,36.87%,38.71%,24.42%
7-21-16,35.43%,37.85%,26.72%
7-28-16,31.25%,40.34%,28.41%
8-4-16,29.79%,43.44%,26.77%
8-11-16,31.29%,41.95%,26.76%
8-18-16,35.56%,38.08%,26.36%
8-25-16,29.42%,40.94%,29.64%
9-1-16,28.60%,39.87%,31.52%
9-8-16,29.75%,41.77%,28.48%
9-15-16,27.94%,36.14%,35.92%
9-22-16,24.83%,36.89%,38.28%
9-29-16,24.00%,38.89%,37.11%
10-6-16,28.79%,43.30%,27.90%
10-13-16,25.47%,40.80%,33.73%
10-20-16,23.74%,38.45%,37.82%
10-27-16,24.75%,41.18%,34.07%
11-3-16,23.64%,42.05%,34.32%
11-10-16,38.89%,31.78%,29.33%
11-17-16,46.65%,26.77%,26.57%
11-24-16,49.89%,28.03%,22.08%
12-1-16,43.78%,31.12%,25.10%
12-8-16,43.12%,30.39%,26.49%
12-15-16,44.66%,23.01%,32.33%
12-22-16,44.61%,26.24%,29.15%
12-29-16,45.57%,28.69%,25.74%
1-5-17,46.20%,28.57%,25.23%
1-12-17,43.64%,29.39%,26.97%
1-19-17,37.01%,30.32%,32.68%
1-26-17,31.58%,34.93%,33.49%
2-2-17,32.80%,33.03%,34.17%
2-9-17,35.80%,36.54%,27.65%
2-16-17,33.09%,34.55%,32.36%
2-23-17,38.46%,29.23%,32.31%
3-2-17,37.91%,26.47%,35.62%
3-9-17,30.00%,23.50%,46.50%
3-16-17,31.17%,30.13%,38.70%
3-23-17,35.28%,34.22%,30.50%
3-30-17,30.22%,32.40%,37.38%
4-6-17,28.30%,32.08%,39.62%
4-13-17,28.97%,33.64%,37.38%
4-20-17,25.71%,35.59%,38.70%
4-27-17,38.05%,30.24%,31.71%
5-4-17,38.07%,31.98%,29.95%
5-11-17,32.73%,37.05%,30.22%
5-18-17,23.85%,41.90%,34.25%
5-25-17,32.86%,37.14%,30.00%
6-1-17,26.92%,41.54%,31.54%
6-8-17,35.43%,35.04%,29.53%
6-15-17,32.27%,38.25%,29.48%
6-22-17,32.65%,38.44%,28.91%
6-29-17,29.71%,43.43%,26.86%
7-6-17,29.58%,40.56%,29.86%
7-13-17,28.24%,42.13%,29.63%
7-20-17,35.48%,38.71%,25.81%
7-27-17,34.46%,41.22%,24.32%
8-3-17,36.11%,31.79%,32.10%
8-10-17,33.67%,34.00%,32.33%
8-17-17,34.17%,33.03%,32.80%
8-24-17,28.10%,33.61%,38.29%
8-31-17,25.00%,35.11%,39.89%
9-7-17,29.28%,34.98%,35.74%
9-14-17,41.29%,36.74%,21.97%
9-21-17,40.14%,32.65%,27.21%
9-28-17,33.33%,37.93%,28.74%
10-5-17,35.60%,31.60%,32.80%
10-12-17,39.77%,33.33%,26.90%
10-19-17,37.93%,34.14%,27.93%
10-26-17,39.64%,27.33%,33.03%
11-2-17,45.05%,26.37%,28.57%
11-9-17,45.10%,31.82%,23.08%
11-16-17,29.35%,35.43%,35.22%
11-23-17,35.49%,35.49%,29.01%
11-30-17,35.95%,32.43%,31.62%
12-7-17,36.88%,28.90%,34.22%
12-14-17,45.00%,26.88%,28.13%
12-21-17,50.50%,23.88%,25.62%
12-28-17,52.65%,26.72%,20.63%
1-4-18,59.75%,24.69%,15.56%
1-11-18,48.67%,26.25%,25.07%
1-18-18,54.11%,24.50%,21.39%
1-25-18,45.45%,30.52%,24.03%
2-1-18,44.77%,26.47%,28.76%
2-8-18,37.03%,27.96%,35.01%
2-15-18,48.52%,30.07%,21.41%
2-22-18,44.65%,32.56%,22.79%
3-1-18,37.28%,39.31%,23.41%
3-8-18,26.40%,45.21%,28.38%
3-15-18,36.84%,41.83%,21.33%
3-22-18,33.23%,38.28%,28.49%
3-29-18,31.94%,32.73%,35.33%
4-5-18,31.90%,31.47%,36.64%
4-12-18,26.09%,31.16%,42.75%
4-19-18,37.78%,33.00%,29.22%
4-26-18,36.91%,37.54%,25.55%
5-3-18,28.40%,41.36%,30.25%
5-10-18,33.51%,40.96%,25.53%
5-17-18,36.68%,42.74%,20.58%
5-24-18,38.56%,36.27%,25.16%
5-31-18,35.02%,38.63%,26.35%
6-7-18,38.93%,34.35%,26.72%
6-14-18,44.78%,33.52%,21.70%
6-21-18,38.72%,35.10%,26.18%
6-28-18,28.45%,30.75%,40.80%
7-5-18,27.86%,32.87%,39.28%
7-12-18,43.05%,27.80%,29.15%
7-19-18,34.66%,40.40%,24.94%
7-26-18,31.52%,41.58%,26.90%
8-2-18,29.11%,38.81%,32.08%
8-9-18,36.36%,32.60%,31.03%
8-16-18,36.17%,34.75%,29.08%
8-23-18,38.46%,34.47%,27.07%
8-30-18,43.50%,32.11%,24.39%
9-6-18,42.22%,31.48%,26.30%
9-13-18,32.09%,35.07%,32.84%
9-20-18,32.04%,35.92%,32.04%
9-27-18,36.22%,32.68%,31.10%
10-4-18,45.66%,29.22%,25.11%
10-11-18,30.61%,33.94%,35.45%
10-18-18,33.94%,31.05%,35.02%
10-25-18,27.97%,31.03%,41.00%
11-1-18,37.93%,27.59%,34.48%
11-8-18,41.28%,27.52%,31.19%
11-15-18,35.09%,28.95%,35.96%
11-22-18,25.25%,27.61%,47.14%
11-29-18,33.88%,26.64%,39.47%
12-6-18,37.94%,31.56%,30.50%
12-13-18,20.90%,30.23%,48.87%
12-20-18,24.86%,27.84%,47.30%
12-27-18,31.55%,18.15%,50.30%
1-3-19,33.02%,24.21%,42.77%
1-10-19,38.46%,32.17%,29.37%
1-17-19,33.53%,30.21%,36.25%
1-24-19,37.66%,30.03%,32.32%
1-31-19,31.76%,36.49%,31.76%
2-7-19,39.87%,37.34%,22.78%
2-14-19,35.10%,39.82%,25.07%
2-21-19,39.32%,35.29%,25.39%
2-28-19,41.63%,38.37%,20.00%
3-7-19,37.39%,35.87%,26.75%
3-14-19,32.42%,36.52%,31.06%
3-21-19,37.30%,39.29%,23.41%
3-28-19,33.20%,39.60%,27.20%
4-4-19,35.02%,36.71%,28.27%
4-11-19,40.29%,39.33%,20.38%
4-18-19,37.56%,40.61%,21.83%
4-25-19,33.52%,46.31%,20.17%
5-2-19,39.02%,39.63%,21.34%
5-9-19,43.12%,33.70%,23.19%
5-16-19,29.82%,30.88%,39.30%
5-23-19,24.71%,39.22%,36.08%
5-30-19,24.79%,35.12%,40.08%
6-6-19,22.53%,34.89%,42.58%
6-13-19,26.84%,38.96%,34.20%
6-20-19,29.51%,38.36%,32.13%
6-27-19,29.59%,38.36%,32.05%
7-3-19,33.16%,34.49%,32.35%
7-11-19,33.61%,38.89%,27.50%
7-18-19,35.93%,35.43%,28.64%
7-25-19,31.74%,36.24%,32.02%
8-1-19,38.44%,37.50%,24.06%
8-8-19,21.66%,30.15%,48.20%
8-15-19,23.18%,31.97%,44.85%
8-22-19,26.64%,33.64%,39.72%
8-29-19,26.13%,31.66%,42.21%
9-5-19,28.64%,31.85%,39.51%
9-12-19,33.13%,35.63%,31.25%
9-19-19,35.34%,36.84%,27.82%
9-26-19,29.37%,37.37%,33.26%
10-3-19,21.37%,39.19%,39.44%
10-10-19,20.31%,35.73%,43.96%
10-17-19,33.62%,35.33%,31.05%
10-24-19,35.60%,36.13%,28.27%
10-31-19,33.98%,37.59%,28.43%
11-7-19,40.30%,35.77%,23.93%
11-14-19,40.72%,34.46%,24.82%
11-21-19,34.24%,36.72%,29.03%
11-29-19,33.64%,36.09%,30.28%
12-5-19,31.72%,39.16%,29.13%
12-12-19,37.63%,36.32%,26.05%
12-19-19,44.09%,35.43%,20.47%
12-26-19,41.89%,36.58%,21.53%
1-2-20,37.22%,40.91%,21.88%
1-9-20,33.07%,37.04%,29.89%
1-16-20,41.83%,30.66%,27.51%
1-23-20,45.60%,29.63%,24.77%
1-30-20,31.98%,31.17%,36.86%
2-6-20,33.87%,30.91%,35.22%
2-13-20,41.33%,32.27%,26.40%
2-20-20,40.56%,30.77%,28.67%
2-27-20,30.43%,30.43%,39.13%
3-5-20,38.74%,21.62%,39.64%
3-12-20,29.74%,18.95%,51.31%
3-19-20,34.35%,14.50%,51.15%
3-26-20,32.90%,15.03%,52.07%
4-2-20,34.24%,16.03%,49.73%
4-9-20,36.60%,18.73%,44.67%
4-16-20,34.86%,22.39%,42.75%
4-23-20,24.86%,25.14%,50.00%
4-30-20,30.60%,25.37%,44.03%
5-7-20,23.67%,23.67%,52.66%
5-14-20,23.31%,26.07%,50.61%
5-21-20,29.00%,25.97%,45.02%
5-28-20,33.07%,24.80%,42.13%
6-4-20,34.55%,26.58%,38.87%
6-11-20,34.28%,27.67%,38.05%
6-18-20,24.37%,27.85%,47.78%
6-25-20,24.14%,26.96%,48.90%
7-2-20,22.15%,31.96%,45.89%
7-9-20,27.16%,30.17%,42.67%
7-16-20,30.84%,23.79%,45.37%
7-23-20,26.06%,27.11%,46.83%
7-30-20,20.23%,31.30%,48.47%
8-6-20,23.29%,29.11%,47.60%
8-13-20,30.04%,27.84%,42.12%
8-20-20,30.39%,27.21%,42.40%
8-27-20,32.08%,28.30%,39.62%
9-3-20,30.80%,27.43%,41.77%
9-10-20,23.71%,27.84%,48.45%
9-17-20,32.02%,27.59%,40.39%
9-24-20,24.89%,29.11%,45.99%
10-1-20,26.24%,30.69%,43.07%
10-8-20,34.74%,26.29%,38.97%
10-15-20,34.78%,29.47%,35.75%
10-22-20,35.75%,31.22%,33.03%
10-29-20,35.29%,29.41%,35.29%
11-5-20,37.96%,30.56%,31.48%
11-12-20,55.84%,19.29%,24.87%
11-19-20,44.35%,29.29%,26.36%
11-27-20,47.25%,25.27%,27.47%
12-3-20,49.07%,28.25%,22.68%
12-10-20,48.06%,25.09%,26.86%
12-17-20,43.43%,30.28%,26.29%
12-24-20,43.57%,34.44%,21.99%
12-31-20,46.08%,27.12%,26.80%
1-7-21,45.19%,23.08%,31.73%
1-21-21,42.55%,22.98%,34.47%
1-28-21,37.66%,24.03%,38.31%
2-4-21,37.35%,27.06%,35.59%
2-11-21,45.45%,28.28%,26.26%
2-18-21,47.06%,27.55%,25.39%
2-25-21,45.93%,30.29%,23.78%
3-4-21,40.26%,34.42%,25.32%
3-11-21,49.41%,27.06%,23.53%
3-18-21,48.94%,27.46%,23.59%
3-25-21,50.95%,28.48%,20.57%
4-1-21,45.83%,30.95%,23.21%
4-8-21,56.91%,22.70%,20.39%
4-15-21,53.82%,21.59%,24.58%
4-22-21,52.68%,26.81%,20.50%
4-29-21,42.57%,31.76%,25.68%
5-6-21,44.31%,32.55%,23.14%
5-13-21,36.52%,36.52%,26.96%
5-20-21,37.03%,36.71%,26.27%
5-27-21,36.43%,37.14%,26.43%
6-3-21,44.07%,36.17%,19.76%
6-10-21,40.23%,39.10%,20.68%
6-17-21,41.12%,32.71%,26.17%
6-24-21,40.42%,36.25%,23.33%
7-1-21,48.65%,29.19%,22.16%
7-8-21,40.20%,35.29%,24.51%
7-15-21,36.17%,37.02%,26.81%
7-22-21,30.65%,38.71%,30.65%
7-29-21,36.16%,39.73%,24.11%
8-5-21,36.07%,32.24%,31.69%
8-12-21,36.97%,31.51%,31.51%
8-19-21,33.17%,31.73%,35.10%
8-26-21,39.56%,27.47%,32.97%
9-2-21,43.43%,23.23%,33.33%
9-9-21,38.89%,33.89%,27.22%
9-16-21,22.45%,38.27%,39.29%
9-23-21,29.90%,30.93%,39.18%
9-30-21,28.14%,31.14%,40.72%
10-7-21,25.47%,37.74%,36.79%
10-14-21,37.91%,30.33%,31.75%
10-21-21,46.89%,25.36%,27.75%
10-27-21,39.83%,30.74%,29.44%
11-4-21,41.50%,32.50%,26.00%
11-11-21,48.00%,28.00%,24.00%
11-18-21,38.84%,33.93%,27.23%
11-24-21,33.81%,30.48%,35.71%
12-2-21,26.67%,30.95%,42.38%
12-9-21,29.72%,39.76%,30.52%
12-16-21,25.24%,35.44%,39.32%
12-23-21,29.57%,36.56%,33.87%
12-30-21,37.66%,31.80%,30.54%
1-6-22,32.76%,33.91%,33.33%
1-13-22,24.91%,36.80%,38.29%
1-20-22,20.96%,32.31%,46.72%
1-27-22,23.14%,23.92%,52.94%
2-3-22,26.49%,29.85%,43.66%
2-10-22,24.36%,40.17%,35.47%
2-17-22,19.25%,37.56%,43.19%
2-24-22,23.39%,22.94%,53.67%
3-3-22,30.39%,28.18%,41.44%
3-10-22,24.00%,30.22%,45.78%
3-17-22,22.47%,27.75%,49.78%
3-24-22,32.80%,31.75%,35.45%
3-31-22,31.88%,40.58%,27.54%
4-7-22,24.71%,33.91%,41.38%
4-14-22,15.84%,35.75%,48.42%
4-21-22,18.87%,37.26%,43.87%
4-28-22,16.44%,24.20%,59.36%
5-5-22,26.87%,20.26%,52.86%
5-12-22,24.32%,26.64%,49.03%
5-19-22,25.97%,23.64%,50.39%
5-26-22,19.85%,26.65%,53.50%
6-2-22,32.02%,30.92%,37.06%
6-9-22,21.02%,32.10%,46.88%
6-16-22,19.44%,22.22%,58.33%
6-23-22,18.20%,22.46%,59.34%
6-30-22,22.78%,30.52%,46.70%
7-7-22,19.38%,27.81%,52.81%
7-14-22,26.89%,26.59%,46.53%
7-21-22,29.59%,28.22%,42.19%
7-28-22,27.72%,32.18%,40.10%
8-4-22,30.56%,30.56%,38.89%
8-11-22,32.15%,31.19%,36.66%
8-18-22,33.33%,29.51%,37.15%
8-25-22,27.70%,29.92%,42.38%
9-1-22,21.92%,27.67%,50.41%
9-8-22,18.07%,28.66%,53.27%
9-15-22,26.13%,27.87%,45.99%
9-22-22,17.73%,21.40%,60.87%
9-29-22,19.95%,19.24%,60.81%
10-6-22,23.92%,21.33%,54.76%
10-13-22,20.36%,23.71%,55.93%
10-20-22,22.60%,21.19%,56.21%
10-27-22,26.59%,27.75%,45.66%
11-3-22,30.56%,36.54%,32.89%
11-10-22,25.09%,27.87%,47.04%
11-17-22,33.45%,26.33%,40.21%
11-24-22,28.86%,30.90%,40.23%
12-1-22,24.47%,35.11%,40.43%
12-8-22,24.73%,33.45%,41.82%
12-15-22,24.30%,31.08%,44.62%
12-22-22,20.31%,27.38%,52.31%
12-29-22,26.49%,25.89%,47.62%
1-5-23,20.51%,37.50%,41.99%
1-12-23,24.03%,36.04%,39.93%
1-19-23,30.97%,35.96%,33.07%
1-26-23,28.37%,34.96%,36.68%
2-2-23,29.90%,35.55%,34.55%
2-9-23,37.50%,37.50%,25.00%
2-16-23,34.12%,37.06%,28.82%
2-23-23,21.65%,39.76%,38.59%
3-2-23,23.38%,31.82%,44.81%
3-9-23,24.83%,33.45%,41.72%
3-16-23,19.22%,32.38%,48.40%
3-23-23,20.95%,30.17%,48.88%
3-30-23,22.51%,31.87%,45.61%
4-6-23,33.33%,31.65%,35.02%
4-13-23,26.05%,39.46%,34.48%
4-20-23,27.22%,37.66%,35.13%
4-27-23,24.14%,37.36%,38.51%
5-4-23,24.08%,31.02%,44.90%
5-11-23,29.39%,29.39%,41.22%
5-18-23,22.90%,37.37%,39.73%
5-25-23,27.38%,32.92%,39.69%
6-1-23,29.05%,34.12%,36.82%
6-8-23,44.55%,31.15%,24.30%
6-15-23,45.18%,32.12%,22.70%
6-22-23,42.86%,29.39%,27.76%
6-29-23,41.93%,30.60%,27.47%
7-6-23,46.39%,29.12%,24.48%
7-13-23,41.00%,33.14%,25.87%
7-20-23,51.36%,27.15%,21.49%
7-27-23,44.91%,30.98%,24.12%
8-3-23,48.98%,29.70%,21.32%
8-10-23,44.70%,29.80%,25.50%
8-17-23,35.89%,33.97%,30.14%
8-24-23,32.27%,31.81%,35.93%
8-31-23,33.09%,32.37%,34.53%
9-7-23,42.19%,28.22%,29.59%
9-14-23,34.42%,36.36%,29.22%
9-21-23,31.30%,34.10%,34.61%
9-28-23,27.79%,31.27%,40.94%
10-5-23,30.10%,28.32%,41.58%
10-12-23,40.00%,23.51%,36.49%
10-19-23,34.07%,31.32%,34.62%
10-26-23,29.28%,27.54%,43.18%
