Date,Bullish,Neutral,Bearish,High,Low,Close,Volume,GDP,Unemployment,CPI,Interest_Rate,M2_Money_Supply,RSI,MACD_Signal,VWAP,Momentum,Bollinger_Upper,Bollinger_Lower,P,S1,S2,S3,R1,R2,R3
2023-06-01,0.2905,0.3411999999999999,0.3682,25.63999938964844,24.75,25.280000686645508,6072700.0,27063.012,3.6,303.841,5.08,20767.3,30.504979854519945,-0.1649921398755892,26.57270076090345,-1.9399986267089808,27.672102518537336,25.148897580644796,25.22333335876465,24.806667327880856,24.333333969116207,23.91666793823241,25.696666717529297,26.11333274841309,26.586666107177734
2023-06-02,0.2905,0.3411999999999999,0.3682,25.700000762939453,24.96999931335449,25.549999237060547,2329400.0,27063.012,3.6,303.841,5.08,20767.3,38.10312017959981,-0.1998935137521181,26.559069609271976,-1.4900016784667969,27.63833746021805,25.047662600817105,25.406666437784832,25.11333211263021,24.676664988199867,24.38333066304525,25.84333356221517,26.1366678873698,26.57333501180014
2023-06-05,0.2905,0.3411999999999999,0.3682,25.770000457763672,24.82999992370605,25.14999961853028,4737300.0,27063.012,3.6,303.841,5.08,20767.3,32.10317057555754,-0.2361359425390088,26.521882910165264,-2.079999923706051,27.67305399954016,24.87794602334802,25.25,24.729999542236328,24.30999946594238,23.789999008178707,25.67000007629395,26.19000053405762,26.61000061035157
2023-06-06,0.2905,0.3411999999999999,0.3682,25.38999938964844,24.89999961853028,25.170000076293945,1315000.0,27063.012,3.6,303.841,5.08,20767.3,32.71444631255615,-0.2704617333575032,26.51205142650203,-0.8999996185302734,27.68497205748269,24.73202795014671,25.15333302815755,24.91666666666666,24.663333257039387,24.426666895548497,25.406666437784825,25.643332799275715,25.89666620890299
2023-06-07,0.2905,0.3411999999999999,0.3682,25.2549991607666,24.90999984741211,25.07999992370605,1626600.0,27063.012,3.6,303.841,5.08,20767.3,31.253489447700677,-0.3026062608247126,26.499283971231915,-0.9200000762939488,27.707936853684096,24.589063077651357,25.08166631062825,24.908333460489903,24.73666699727376,24.56333414713541,25.2533327738444,25.426665623982743,25.59833208719889
2023-06-08,0.4454999999999999,0.3115,0.243,25.15999984741211,24.809999465942383,25.11000061035156,2711800.0,27063.012,3.6,303.841,5.08,20767.3,32.414371328828054,-0.330530201122252,26.47893671870537,-1.3400001525878942,27.71724386869135,24.46575612367925,25.02666664123535,24.893333435058597,24.676666259765625,24.543333053588867,25.24333381652832,25.37666702270508,25.593334197998047
2023-06-09,0.4454999999999999,0.3115,0.243,25.15999984741211,24.850000381469727,25.100000381469727,1874000.0,27063.012,3.6,303.841,5.08,20767.3,32.205205803997615,-0.3537511426791606,26.46512023107581,-1.2299995422363246,27.731645905005497,24.361354125512083,25.036666870117188,24.913333892822266,24.726667404174805,24.603334426879883,25.22333335876465,25.34666633605957,25.53333282470703
2023-06-12,0.4454999999999999,0.3115,0.243,25.200000762939453,24.75,25.020000457763672,2619800.0,27063.012,3.6,303.841,5.08,20767.3,30.394786631601438,-0.373277137258931,26.44515773778087,-1.279998779296875,27.703163029716507,24.24183704657744,24.990000406901043,24.780000050862636,24.53999964396159,24.32999928792318,25.23000081380209,25.440001169840496,25.68000157674154
2023-06-13,0.4454999999999999,0.3115,0.243,25.21999931335449,24.959999084472656,25.1299991607666,2039800.0,27063.012,3.6,303.841,5.08,20767.3,36.09430939053181,-0.3868578865912325,26.431163076220702,-0.6000003814697266,27.46468012388372,24.24331986848689,25.10333251953125,24.98666572570801,24.843332290649418,24.72666549682618,25.246665954589844,25.36333274841308,25.50666618347168
2023-06-14,0.4454999999999999,0.3115,0.243,25.489999771118164,25.1200008392334,25.34000015258789,2412000.0,27063.012,3.6,303.841,5.08,20767.3,45.85988001598462,-0.3917681755086343,26.41760390670563,0.25,27.295505617217835,24.243494321747008,25.316666920979817,25.14333407084147,24.94666798909505,24.773335138956703,25.513333002726235,25.686665852864586,25.883331934611
2023-06-15,0.4518,0.3212,0.2269999999999999,25.950000762939453,25.18000030517578,25.75,1442900.0,27063.012,3.6,303.841,5.08,20767.3,59.72453132189614,-0.3835523553283929,26.412677788445404,0.4699993133544922,27.06095073579968,24.331049271829716,25.62666702270508,25.303333282470703,24.856666564941406,24.53333282470703,26.07333374023437,26.39666748046875,26.843334197998047
2023-06-16,0.4518,0.3212,0.2269999999999999,26.26000022888184,25.700000762939453,26.25,2333000.0,27063.012,3.6,303.841,5.08,20767.3,70.39329382362546,-0.3586886297509207,26.41075981771753,0.7000007629394531,26.89781100954437,24.415188906532297,26.070000330607098,25.88000043233236,25.51000086466471,25.32000096638997,26.439999898274746,26.629999796549484,26.99999936421713
2023-06-20,0.4518,0.3212,0.2269999999999999,26.3799991607666,25.940000534057617,26.059999465942383,1487500.0,27063.012,3.6,303.841,5.08,20767.3,63.06814842456892,-0.3269075407835822,26.40814275590911,0.9099998474121058,26.617547661353296,24.578452247093967,26.1266663869222,25.8733336130778,25.68666776021321,25.433334986368813,26.31333223978678,26.566665013631184,26.75333086649577
2023-06-21,0.4518,0.3212,0.2269999999999999,26.700000762939453,25.770000457763672,26.200000762939453,3605900.0,27063.012,3.6,303.841,5.08,20767.3,66.07003017153895,-0.2894780723160092,26.404445026593145,1.0300006866455078,26.63827637135817,24.570723643900617,26.223333994547527,25.7466672261556,25.293333689371742,24.81666692097982,26.676667531331383,27.15333429972331,27.606667836507164
2023-06-22,0.4286,0.2939,0.2776,26.600000381469727,26.198999404907227,26.549999237060547,1130700.0,27063.012,3.6,303.841,5.08,20767.3,72.51439114608306,-0.244226623269578,26.40525137231728,1.4699993133544955,26.736890347404884,24.52710959155996,26.449666341145832,26.299332300821938,26.04866536458333,25.89833132425944,26.70033327738444,26.85066731770833,27.101334253946938
2023-06-23,0.4286,0.2939,0.2776,26.739999771118164,26.270000457763672,26.479999542236328,2793400.0,27063.012,3.6,303.841,5.08,20767.3,69.46952223427523,-0.1970048264382616,26.40626057707584,1.3699989318847692,26.74313721574312,24.52386260115141,26.496666590372723,26.25333340962728,26.02666727701823,25.78333409627279,26.723332722981773,26.96666590372721,27.193332036336265
2023-06-26,0.4286,0.2939,0.2776,26.600000381469727,26.020000457763672,26.14999961853028,2507300.0,27063.012,3.6,303.841,5.08,20767.3,56.55251462250115,-0.1558394406058767,26.40319224087392,1.0499992370605504,26.713071212230624,24.53592857414633,26.25666681925456,25.91333325703939,25.676666895548504,25.333333333333336,26.493333180745445,26.836666742960613,27.0733331044515
2023-06-27,0.4286,0.2939,0.2776,26.06999969482422,25.190000534057617,25.88999938964844,2904600.0,27063.012,3.6,303.841,5.08,20767.3,48.37540185957181,-0.1244210155949583,26.396171248096085,0.8699989318847692,26.65375940504032,24.554240396595425,25.71666653951009,25.36333338419596,24.83666737874349,24.48333422342936,26.243332544962563,26.59666570027669,27.123331705729164
2023-06-28,0.4286,0.2939,0.2776,26.020000457763672,25.670000076293945,25.799999237060547,1807900.0,27063.012,3.6,303.841,5.08,20767.3,45.73417136411884,-0.1019111217605059,26.3911374587093,0.6700000762939453,26.65949259732658,24.555507173791582,25.82999992370605,25.63999938964844,25.479999542236328,25.28999900817871,25.989999771118164,26.18000030517578,26.34000015258789
2023-06-29,0.4193,0.306,0.2747,26.21999931335449,25.709999084472656,25.989999771118164,1353900.0,27063.012,3.6,303.841,5.08,20767.3,52.10416435830091,-0.0829013048982631,26.38861693010297,0.6499996185302734,26.6881559143292,24.61684381864199,25.97333272298177,25.72666613260905,25.463332494099937,25.21666590372722,26.236666361490883,26.4833329518636,26.746666590372715
2023-06-30,0.4193,0.306,0.2747,26.65999984741211,25.96999931335449,26.420000076293945,3936300.0,27063.012,3.6,303.841,5.08,20767.3,63.34121684685661,-0.0600324419142199,26.38917996328809,0.6700000762939453,26.78360581794567,24.635393853990365,26.349999745686848,26.039999643961583,25.659999211629227,25.349999109903965,26.730000178019207,27.04000027974447,27.420000712076828
2023-07-01,0.4193,0.306,0.2747,26.65999984741211,25.96999931335449,26.420000076293945,3936300.0,27623.543,3.5,304.348,5.12,20745.3,63.34121684685661,-0.0358068010913715,26.38972315019589,0.1700000762939453,26.869537521003966,24.63646223485541,26.349999745686848,26.039999643961583,25.659999211629227,25.349999109903965,26.730000178019207,27.04000027974447,27.420000712076828
2023-07-03,0.4193,0.306,0.2747,26.600000381469727,25.799999237060547,26.040000915527344,7558600.0,27623.543,3.5,304.348,5.12,20745.3,49.63908581108649,-0.0179817600577618,26.378274957962976,-0.019998550415039,26.883368271738583,24.7116316138205,26.14666684468587,25.693333307902016,25.34666570027669,24.89333216349284,26.4933344523112,26.94666798909505,27.29333559672037
2023-07-05,0.4193,0.306,0.2747,26.25,25.6200008392334,25.700000762939453,1990700.0,27623.543,3.5,304.348,5.12,20745.3,40.57703650192681,-0.0104864288677337,26.37247726469035,-0.5,26.87054593541166,24.777454018811977,25.856667200724285,25.46333440144857,25.226668039957683,24.83333524068197,26.09333356221517,26.486666361490887,26.723332722981773
2023-07-06,0.4639,0.2912,0.2448,25.80500030517578,25.3799991607666,25.6200008392334,4856900.0,27623.543,3.5,304.348,5.12,20745.3,38.66087255078437,-0.0111109287009079,26.357105197814946,-0.9299983978271484,26.843177545502385,24.85882250027398,25.60166676839193,25.39833323160807,25.176665623982743,24.97333208719889,25.82333437601725,26.026667912801106,26.24833552042643
2023-07-07,0.4639,0.2912,0.2448,25.64999961853028,25.209999084472656,25.21999931335449,1793700.0,27623.543,3.5,304.348,5.12,20745.3,30.383236073898715,-0.0231485106712194,26.34859055004581,-1.2600002288818395,26.83246953296622,24.880530383110443,25.35999933878581,25.06999905904134,24.919998804728188,24.62999852498372,25.50999959309896,25.79999987284343,25.95000012715658
2023-07-10,0.4639,0.2912,0.2448,25.52499961853028,25.100000381469727,25.25,2121200.0,27623.543,3.5,304.348,5.12,20745.3,31.649699293063208,-0.0411771579069583,26.33894771762831,-0.899999618530277,26.81753954966776,24.910460328261934,25.291666666666668,25.05833371480306,24.86666742960612,24.63333447774251,25.48333295186361,25.71666590372722,25.90833218892416
2023-07-11,0.4639,0.2912,0.2448,25.549999237060547,25.0049991607666,25.07999992370605,1942600.0,27623.543,3.5,304.348,5.12,20745.3,28.28531499363399,-0.0646341981631439,26.328908470067493,-0.8099994659423899,26.80967476288256,24.924325061641365,25.21166610717773,24.87333297729492,24.66666603088379,24.328332901000977,25.418333053588867,25.75666618347168,25.96333312988281
2023-07-12,0.4639,0.2912,0.2448,25.3700008392334,24.959999084472656,25.25,2320900.0,27623.543,3.5,304.348,5.12,20745.3,36.12043843238733,-0.087404426846702,26.318726470993862,-0.5499992370605469,26.797271408473488,24.94872849997378,25.19333330790202,25.01666577657064,24.78333155314128,24.606664021809895,25.426667531331383,25.60333506266276,25.836669286092125
2023-07-13,0.41,0.3314,0.2587,25.5,24.8799991607666,25.39999961853028,2477900.0,27623.543,3.5,304.348,5.12,20745.3,42.51460854123781,-0.1059581536527601,26.309561981472,-0.5900001525878871,26.793350770999385,24.95864908404212,25.25999959309896,25.019999186197914,24.63999875386556,24.39999834696452,25.640000025431316,25.88000043233236,26.26000086466471
2023-07-14,0.41,0.3314,0.2587,25.61000061035156,24.71999931335449,24.940000534057617,3830200.0,27623.543,3.5,304.348,5.12,20745.3,31.39484935357652,-0.127993958418486,26.28876521901061,-1.479999542236328,26.84333177329014,24.82766813515713,25.09000015258789,24.569999694824222,24.19999885559082,23.679998397827152,25.460000991821293,25.98000144958496,26.350002288818363
2023-07-17,0.41,0.3314,0.2587,25.059999465942383,24.739999771118164,24.88999938964844,1709200.0,27623.543,3.5,304.348,5.12,20745.3,30.397680894699302,-0.1515631238263602,26.27935070905297,-1.5300006866455045,26.839082578168664,24.695917269243445,24.896666208903,24.73333295186361,24.576666514078777,24.41333325703939,25.053332646687828,25.21666590372721,25.373332341512047
2023-07-18,0.41,0.3314,0.2587,25.030000686645508,24.7450008392334,24.809999465942383,1713500.0,27623.543,3.5,304.348,5.12,20745.3,28.71399422525876,-0.1757887444235806,26.269502687568597,-1.230001449584961,26.84817193956908,24.561827907843032,24.86166699727376,24.693333307902016,24.57666714986165,24.408333460489903,24.978333155314125,25.14666684468587,25.263333002726235
2023-07-19,0.41,0.3314,0.2587,25.040000915527344,24.5,25.0,2870800.0,27623.543,3.5,304.348,5.12,20745.3,38.10833187563622,-0.1957238656943213,26.25540570093545,-0.7000007629394531,26.80462774735736,24.4853720237608,24.84666697184245,24.653333028157554,24.306666056315105,24.11333211263021,25.193333943684895,25.386667887369796,25.73333485921224
2023-07-20,0.5136,0.2714999999999999,0.2148999999999999,24.61599922180176,22.489999771118164,24.51000022888184,36675600.0,27623.543,3.5,304.348,5.12,20745.3,27.373749821458105,-0.2192963189949741,26.03856062865742,-1.110000610351559,26.72609314156872,24.359906728731573,23.871999740600582,23.12800025939941,21.74600028991699,21.002000808715813,25.253999710083008,25.997999191284183,27.379999160766605
2023-07-21,0.5136,0.2714999999999999,0.2148999999999999,24.8799991607666,23.780000686645508,24.01000022888184,14585700.0,27623.543,3.5,304.348,5.12,20745.3,20.55617937809248,-0.2513902618986255,25.94305113040229,-1.2099990844726491,26.702235147217127,24.13676479174772,24.22333335876465,23.56666755676269,23.123334884643555,22.4666690826416,24.66666603088379,25.323331832885746,25.766664505004883
2023-07-24,0.5136,0.2714999999999999,0.2148999999999999,24.40999984741211,23.1200008392334,24.15999984741211,22641600.0,27623.543,3.5,304.348,5.12,20745.3,26.86153035891512,-0.28417676631209,25.82160953269764,-1.0900001525878906,26.671054240830664,23.968945721022365,23.89666684468587,23.383333841959637,22.60666783650716,22.09333483378092,24.673332850138344,25.186665852864586,25.96333185831705
2023-07-25,0.5136,0.2714999999999999,0.2148999999999999,25.1200008392334,24.14999961853028,25.1200008392334,15018100.0,27623.543,3.5,304.348,5.12,20745.3,53.8881262488913,-0.2997146806506324,25.791283410022025,0.0400009155273473,26.60782117075706,23.955178936054462,24.796667098999023,24.47333335876465,23.826665878295906,23.503332138061527,25.44333457946777,25.766668319702145,26.41333580017089
2023-07-26,0.5136,0.2714999999999999,0.2148999999999999,25.229999542236328,24.28499984741211,24.690000534057617,10716400.0,27623.543,3.5,304.348,5.12,20745.3,45.24683448516424,-0.3098042830921712,25.75833289305093,-0.5599994659423828,26.553862034585137,23.89813820192609,24.734999974568684,24.24000040690104,23.790000279744465,23.29500071207682,25.185000101725254,25.679999669392902,26.12999979654948
2023-07-27,0.4490999999999999,0.3098,0.2412,25.0,23.959999084472656,24.239999771118164,11476200.0,27623.543,3.5,304.348,5.12,20745.3,37.90684244255237,-0.3224234682793561,25.71119366642936,-1.159999847412113,26.484891649795657,23.79210858671557,24.399999618530277,23.799999237060547,23.35999870300293,22.759998321533203,24.84000015258789,25.440000534057617,25.880001068115234
2023-07-28,0.4490999999999999,0.3098,0.2412,24.43000030517578,24.049999237060547,24.39999961853028,13214600.0,27623.543,3.5,304.348,5.12,20745.3,41.78141049043398,-0.332679055963598,25.66593690304262,-0.5400009155273402,26.278024517167133,23.79697567356773,24.293333053588867,24.156665802001957,23.913331985473636,23.77666473388672,24.536666870117188,24.6733341217041,24.916667938232425
2023-07-31,0.4490999999999999,0.3098,0.2412,24.07999992370605,23.4950008392334,23.68000030517578,14630700.0,27623.543,3.5,304.348,5.12,20745.3,31.557046219954003,-0.3516444973400809,25.592838832073497,-1.2099990844726598,26.10276976226011,23.69823045136294,23.75166702270508,23.423334121704105,23.166667938232425,22.83833503723145,24.00833320617676,24.33666610717773,24.59333229064941
2023-08-01,0.4490999999999999,0.3098,0.2412,23.770000457763672,23.3799991607666,23.64999961853028,14685500.0,27623.543,3.8,306.269,5.33,20721.1,31.19008781978782,-0.3747520809909478,25.523616694649764,-1.1599998474121058,25.9814896446352,23.58051043928814,23.599999745686848,23.429999033610024,23.209998448689777,23.039997736612957,23.82000033060709,23.99000104268392,24.210001627604164
2023-08-02,0.4490999999999999,0.3098,0.2412,23.920000076293945,23.3700008392334,23.89999961853028,16233200.0,27623.543,3.8,306.269,5.33,20721.1,38.10995855675225,-0.3944018016685828,25.46209461770973,-1.100000381469723,25.871114325681308,23.510885643801117,23.730000178019207,23.54000027974447,23.18000094095866,22.99000104268392,24.089999516805012,24.279999415079757,24.63999875386556
2023-08-03,0.4897999999999999,0.297,0.2132,24.434999465942383,23.75,23.989999771118164,16111000.0,27623.543,3.8,306.269,5.33,20721.1,40.59163809394069,-0.4085193086413557,25.408740401676653,-0.5200004577636754,25.74372309342888,23.47527676924202,24.058333079020183,23.681666692097984,23.3733336130778,22.9966672261556,24.366666158040367,24.743332544962566,25.05166562398275
2023-08-04,0.4897999999999999,0.297,0.2132,24.020000457763672,23.270000457763672,23.530000686645508,20999100.0,27623.543,3.8,306.269,5.33,20721.1,32.82849591923292,-0.4248371867900983,25.32399200854516,-0.4799995422363317,25.718005908814536,23.33199409118546,23.606667200724285,23.193333943684895,22.856667200724285,22.443333943684895,23.943333943684895,24.356667200724285,24.693333943684895
2023-08-07,0.4897999999999999,0.297,0.2132,23.676000595092773,23.31999969482422,23.540000915527344,15379100.0,27623.543,3.8,306.269,5.33,20721.1,33.149202913506855,-0.4405509671314498,25.26693985049484,-0.6199989318847656,25.658549983934204,23.22045010761853,23.512000401814777,23.34800020853678,23.155999501546223,22.991999308268227,23.704001108805336,23.86800130208333,24.06000200907389
2023-08-08,0.4897999999999999,0.297,0.2132,23.549999237060547,23.209999084472656,23.3799991607666,20150600.0,27623.543,3.8,306.269,5.33,20721.1,30.464023365607687,-0.4566109981196627,25.19105278388744,-1.7400016784667969,25.6216306221482,23.087369393110592,23.3799991607666,23.209999084472656,23.03999900817871,22.86999893188477,23.549999237060547,23.71999931335449,23.88999938964844
2023-08-09,0.4897999999999999,0.297,0.2132,23.440000534057617,23.059999465942383,23.350000381469727,40849100.0,27623.543,3.8,306.269,5.33,20721.1,29.939373349432685,-0.4714840631183974,25.05227095155537,-1.3400001525878906,25.52883837965355,22.99016167375221,23.28333346048991,23.126666386922203,22.90333239237468,22.74666531880697,23.50666745503744,23.663334528605144,23.88666852315267
2023-08-10,0.447,0.298,0.255,23.88999938964844,23.11000061035156,23.3700008392334,51365500.0,27623.543,3.8,306.269,5.33,20721.1,30.855435076366305,-0.4834397870127643,24.90661742290212,-0.8699989318847656,25.366541534985203,22.949458640490874,23.456666946411133,23.023334503173825,22.67666816711425,22.243335723876942,23.803333282470707,24.23666572570801,24.58333206176759
2023-08-11,0.447,0.298,0.255,23.799999237060547,23.25,23.71999931335449,46062600.0,27623.543,3.8,306.269,5.33,20721.1,45.29757168887373,-0.4862543609148072,24.82112290332528,-0.6800003051757884,25.261710867034505,22.932289186371253,23.58999951680501,23.37999979654948,23.040000279744465,22.83000055948893,23.929999033610024,24.13999875386556,24.47999827067057
2023-08-14,0.447,0.298,0.255,23.700000762939453,22.850000381469727,22.940000534057617,89481200.0,27623.543,3.8,306.269,5.33,20721.1,29.469646102217663,-0.4945280474015278,24.590162640203037,-0.7399997711181641,25.210267038077657,22.788733129769025,23.163333892822266,22.62666702270508,22.31333351135254,21.77666664123535,23.476667404174805,24.013334274291992,24.32666778564453
2023-08-15,0.447,0.298,0.255,23.770000457763672,22.63999938964844,23.26000022888184,105996500.0,27623.543,3.8,306.269,5.33,20721.1,39.48004182332016,-0.4995571418892069,24.421269205686883,-0.3899993896484375,25.112587755631885,22.731412488508735,23.22333335876465,22.676666259765625,22.093332290649418,21.546665191650398,23.806667327880856,24.35333442687988,24.936668395996087
2023-08-16,0.447,0.298,0.255,23.549999237060547,22.809999465942383,22.93000030517578,86179200.0,27623.543,3.8,306.269,5.33,20721.1,33.77585527568107,-0.5064153197981963,24.281726319485497,-0.9699993133544956,24.97388613350209,22.663114141156115,23.09666633605957,22.643333435058597,22.356666564941406,21.90333366394043,23.38333320617676,23.83666610717773,24.12333297729492
2023-08-17,0.3589,0.3397,0.3014,23.290000915527344,22.549999237060547,22.780000686645508,71709300.0,27623.543,3.8,306.269,5.33,20721.1,31.39669208688277,-0.515299348097767,24.17324567544682,-1.2099990844726562,24.92773984429492,22.536260476139656,22.8733336130778,22.456666310628258,22.133331934611004,21.71666463216146,23.19666798909505,23.6133352915446,23.93666966756185
2023-08-18,0.3589,0.3397,0.3014,23.0,22.36000061035156,22.8700008392334,93530500.0,27623.543,3.8,306.269,5.33,20721.1,34.586652188190726,-0.5223770534122819,24.061028039831942,-0.6599998474121094,24.92250696516221,22.42749341630752,22.74333381652832,22.48666763305664,22.10333442687988,21.8466682434082,23.12666702270508,23.38333320617676,23.766666412353523
2023-08-21,0.3589,0.3397,0.3014,23.690000534057617,22.809999465942383,22.89999961853028,178017500.0,27623.543,3.8,306.269,5.33,20721.1,35.73590827296718,-0.5262823494923479,23.89754354435303,-0.6400012969970668,24.883412047979437,22.340588310602108,23.13333320617676,22.5766658782959,22.253332138061523,21.696664810180664,23.456666946411133,24.013334274291992,24.336668014526367
2023-08-22,0.3589,0.3397,0.3014,23.81999969482422,23.1200008392334,23.739999771118164,90558800.0,27623.543,3.8,306.269,5.33,20721.1,59.00587441127368,-0.5133933030837006,23.88701283536454,0.3600006103515625,24.601839254063847,22.48416099770617,23.56000010172526,23.300000508626304,22.86000124613444,22.600001653035484,23.999999364217125,24.25999895731608,24.699998219807945
2023-08-23,0.3589,0.3397,0.3014,24.049999237060547,23.6200008392334,23.6200008392334,119406800.0,27623.543,3.8,306.269,5.33,20721.1,55.6824078994368,-0.4913979389613498,23.86538553817933,0.2700004577636719,24.402389207804244,22.57661107448336,23.763333638509117,23.47666803995768,23.333335240681965,23.04666964213053,23.90666643778483,24.193332036336265,24.336664835611977
2023-08-24,0.3227,0.3181,0.3593,24.100000381469727,23.13999938964844,23.65999984741211,372341300.0,27623.543,3.8,306.269,5.33,20721.1,56.622097358390704,-0.4630897885309268,23.82397113307285,0.2899990081787109,24.307475082486764,22.613525207430225,23.63333320617676,23.16666603088379,22.673332214355472,22.206665039062504,24.126667022705075,24.593334197998043,25.08666801452636
2023-08-25,0.3227,0.3181,0.3593,23.290000915527344,22.81999969482422,22.96999931335449,86974600.0,27623.543,3.8,306.269,5.33,20721.1,39.81744046913545,-0.4422619461917918,23.78555732754063,-0.75,24.137778481996897,22.64022177740252,23.02666664123535,22.76333236694336,22.556665420532227,22.293331146240234,23.233333587646484,23.49666786193848,23.70333480834961
2023-08-28,0.3227,0.3181,0.3593,23.200000762939453,22.61000061035156,22.96999931335449,39395000.0,27623.543,3.8,306.269,5.33,20721.1,39.81744046913545,-0.4262064415226568,23.76927233320617,0.0299987792968714,24.11145485735688,22.595545302860405,22.926666895548504,22.653333028157554,22.33666674296061,22.06333287556966,23.24333318074545,23.5166670481364,23.833333333333343
2023-08-29,0.3227,0.3181,0.3593,23.125,22.56999969482422,22.86000061035156,59445800.0,27623.543,3.8,306.269,5.33,20721.1,37.45793248612306,-0.4147673561039778,23.74267647107281,-0.3999996185302805,24.08904215768052,22.538958101718897,22.85166676839193,22.57833353678385,22.296666463216145,22.02333323160807,23.133333841959637,23.406667073567707,23.68833414713541
2023-08-30,0.3227,0.3181,0.3593,23.13999938964844,22.64999961853028,23.06999969482422,36094000.0,27623.543,3.8,306.269,5.33,20721.1,44.67921284462825,-0.4025256571493281,23.730938435155505,0.1399993896484375,24.00303332120982,22.54196694581899,22.953332901000977,22.766666412353512,22.46333312988281,22.276666641235348,23.25666618347168,23.44333267211914,23.74666595458984
2023-08-31,0.3309,0.3237,0.3453,23.32999992370605,23.01000022888184,23.049999237060547,36119700.0,27623.543,3.8,306.269,5.33,20721.1,44.11940107916028,-0.3898242838944188,23.71925183497951,0.269998550415039,23.878508509401268,22.57249170422178,23.12999979654948,22.92999966939291,22.81000010172527,22.609999974568694,23.24999936421712,23.44999949137369,23.569999059041333
2023-09-01,0.3309,0.3237,0.3453,23.32999992370605,22.8700008392334,22.959999084472656,27565400.0,27623.543,3.8,307.481,5.33,20699.3,41.424487344701895,-0.3780480341415319,23.709435824899487,0.0899982452392578,23.84377664546145,22.55022340794432,23.053333282470703,22.776666641235355,22.59333419799805,22.316667556762702,23.236665725708008,23.51333236694336,23.69666481018066
2023-09-05,0.3309,0.3237,0.3453,22.979999542236328,22.59000015258789,22.61000061035156,28465000.0,27623.543,3.8,307.481,5.33,20699.3,32.51311401096979,-0.3721913376469444,23.69495125864188,-0.289999008178718,23.826508988479112,22.47449103440907,22.72666676839193,22.473333994547524,22.33666737874349,22.08333460489909,22.86333338419596,23.116666158040363,23.2533327738444
2023-09-06,0.3309,0.3237,0.3453,22.709999084472656,22.299999237060547,22.3799991607666,24727700.0,27623.543,3.8,307.481,5.33,20699.3,27.95342834548282,-0.3731731596135662,23.68007217685884,-1.3600006103515625,23.849069925523303,22.351930097364875,22.463332494099934,22.21666590372721,22.053332646687824,21.806666056315105,22.62666575113932,22.873332341512043,23.03666559855143
2023-09-07,0.4219,0.2822,0.2959,22.57999992370605,20.959999084472656,20.989999771118164,102648300.0,27623.543,3.8,307.481,5.33,20699.3,14.132659937956944,-0.399715855060588,23.559384381171835,-2.6300010681152344,24.176800131685287,21.788199830167738,21.50999959309896,20.439999262491863,19.88999875386556,18.81999842325847,22.060000101725254,23.130000432332352,23.680000940958653
2023-09-08,0.4219,0.2822,0.2959,21.43000030517578,20.375,21.299999237060547,59635700.0,27623.543,3.8,307.481,5.33,20699.3,23.82450847021376,-0.4350313051404789,23.501989992165505,-2.3600006103515625,24.273846245440414,21.484153556195327,21.03499984741211,20.63999938964844,19.979999542236328,19.584999084472656,21.69499969482422,22.09000015258789,22.75
2023-09-11,0.4219,0.2822,0.2959,22.18000030517578,21.600000381469727,22.06999969482422,42830600.0,27623.543,3.8,307.481,5.33,20699.3,42.44333075266221,-0.4607176216880975,23.47633244733663,-0.8999996185302699,24.177015378819345,21.41598446096337,21.95000012715657,21.719999949137367,21.37000020345052,21.140000025431316,22.299999872843426,22.53000005086263,22.87999979654948
2023-09-12,0.4219,0.2822,0.2959,22.1200008392334,21.01000022888184,21.059999465942383,43697200.0,27623.543,3.8,307.481,5.33,20699.3,30.98219763188665,-0.4940859598391685,23.432954992041733,-1.9099998474121056,24.283357736730945,21.12164199624025,21.39666684468587,20.673332850138344,20.286666234334312,19.563332239786785,21.783333460489903,22.50666745503743,22.893334070841465
2023-09-13,0.4219,0.2822,0.2959,21.90999984741211,21.07999992370605,21.600000381469727,35434500.0,27623.543,3.8,307.481,5.33,20699.3,40.83780333889042,-0.520778495813474,23.40665502941316,-1.2600002288818324,24.25062467903511,20.98837506919487,21.53000005086263,21.15000025431315,20.70000012715657,20.32000033060709,21.980000178019207,22.359999974568687,22.810000101725265
2023-09-14,0.3442,0.3636,0.2922,21.82999992370605,21.4950008392334,21.739999771118164,22195700.0,27623.543,3.8,307.481,5.33,20699.3,43.26150713047726,-0.5384669334416324,23.3918091514589,-1.329999923706055,24.22979362375896,20.890206071065258,21.68833351135254,21.546667098999027,21.353334426879886,21.21166801452637,21.88166618347168,22.02333259582519,22.21666526794433
2023-09-15,0.3442,0.3636,0.2922,21.8700008392334,21.200000762939453,21.21999931335449,32263700.0,27623.543,3.8,307.481,5.33,20699.3,36.80031977640899,-0.5566535480732457,23.364047835852165,-1.8299999237060585,24.25130081894629,20.712698738548823,21.43000030517578,20.989999771118164,20.76000022888184,20.31999969482422,21.65999984741211,22.100000381469727,22.32999992370605
2023-09-18,0.3442,0.3636,0.2922,21.350000381469727,20.82999992370605,21.07999992370605,18035300.0,27623.543,3.8,307.481,5.33,20699.3,35.16863405535142,-0.5751639204687085,23.34784315518108,-1.879999160766605,24.25765827954083,20.527341186401557,21.086666742960613,20.8233331044515,20.566666285196938,20.303332646687824,21.34333356221517,21.60666720072429,21.86333401997885
2023-09-19,0.3442,0.3636,0.2922,21.100000381469727,20.690000534057617,21.059999465942383,21142800.0,27623.543,3.8,307.481,5.33,20699.3,34.91345825271574,-0.5919150543544044,23.328971778016054,-1.550001144409176,24.240282606190583,20.36071684449301,20.95000012715657,20.799999872843426,20.540000279744465,20.390000025431316,21.20999972025553,21.359999974568684,21.61999956766764
2023-09-20,0.3442,0.3636,0.2922,21.39999961853028,20.8799991607666,20.88999938964844,15623200.0,27623.543,3.8,307.481,5.33,20699.3,32.59403900431323,-0.6080485672945654,23.314195924994596,-1.4899997711181605,24.07107518140437,20.24492423113225,21.056666056315105,20.713332494099934,20.53666559855143,20.19333203633626,21.23333295186361,21.57666651407878,21.753333409627285
2023-09-21,0.313,0.341,0.3461,21.26000022888184,20.709999084472656,20.84000015258789,20599600.0,27623.543,3.8,307.481,5.33,20699.3,31.875410656717836,-0.6223610649287061,23.29458883235939,-0.1499996185302734,23.88828491356784,20.14971443030424,20.93666648864746,20.61333274841308,20.38666534423828,20.0633316040039,21.163333892822266,21.486667633056644,21.71333503723145
2023-09-22,0.313,0.341,0.3461,21.02499961853028,20.5,20.549999237060547,14865900.0,27623.543,3.8,307.481,5.33,20699.3,27.776836111680552,-0.6379902091475114,23.278982086220456,-0.75,23.674521757950515,20.0524775248864,20.69166628519694,20.35833295186361,20.166666666666664,19.83333333333333,20.883332570393883,21.21666590372722,21.40833218892416
2023-09-25,0.313,0.341,0.3461,20.850000381469727,20.46999931335449,20.82999992370605,16272000.0,27623.543,3.8,307.481,5.33,20699.3,36.82626621575952,-0.6477039402109528,23.263833380157703,-1.2399997711181676,23.54499245280704,19.96800689106503,20.71666653951009,20.583332697550453,20.33666547139485,20.203331629435212,20.96333376566569,21.096667607625328,21.34333483378093
2023-09-26,0.313,0.341,0.3461,20.850000381469727,20.479999542236328,20.63999938964844,23574200.0,27623.543,3.8,307.481,5.33,20699.3,33.53621680072743,-0.6547558943308242,23.24052845794413,-0.4200000762939417,23.398970789348176,19.88102856215329,20.656666437784832,20.463332494099937,20.286665598551437,20.09333165486654,20.833333333333336,21.02666727701823,21.20333417256673
2023-09-27,0.313,0.341,0.3461,20.799999237060547,20.040000915527344,20.21999931335449,25270500.0,27623.543,3.8,307.481,5.33,20699.3,27.31251378807113,-0.6649783579332883,23.212040862375147,-1.380001068115238,23.277681143601036,19.738318078200724,20.35333315531413,19.90666707356771,19.59333483378093,19.146668752034508,20.666665395100917,21.11333147684733,21.42666371663412
2023-09-28,0.2779,0.3127,0.4094,20.280000686645508,19.950000762939453,20.11000061035156,32556800.0,27623.543,3.8,307.481,5.33,20699.3,25.86212289265943,-0.6768915018957375,23.174801443228912,-1.6299991607666051,23.07386863579169,19.6461306775628,20.11333401997884,19.94666735331217,19.783334096272785,19.61666742960612,20.276667277018227,20.44333394368489,20.60666720072428
2023-09-29,0.2779,0.3127,0.4094,20.325000762939453,20.020000457763672,20.07999992370605,27974000.0,27623.543,3.8,307.481,5.33,20699.3,25.437032419488403,-0.6881756956416217,23.143204553243727,-1.1399993896484375,22.820268661836568,19.602730720182475,20.141667048136394,19.958333333333336,19.836666742960613,19.653333028157554,20.26333363850912,20.446667353312176,20.568333943684895
2023-10-02,0.2779,0.3127,0.4094,20.479999542236328,20.13500022888184,20.31999969482422,25296300.0,27623.543,3.8,307.481,5.33,20699.3,35.25950364247035,-0.693076591702767,23.11737807532968,-0.7600002288818324,22.50724699995272,19.651752443101483,20.31166648864746,20.143333435058597,19.96666717529297,19.798334121704105,20.48833274841308,20.65666580200195,20.83333206176757
2023-10-03,0.2779,0.3127,0.4094,20.59000015258789,19.90999984741211,19.989999771118164,24924500.0,27623.543,3.8,307.481,5.33,20699.3,29.164162596884665,-0.6974049416705347,23.089441337298634,-1.0699996948242188,22.261114814073657,19.6358845450572,20.163333257039387,19.736666361490883,19.48333295186361,19.056666056315105,20.416666666666664,20.843333562215168,21.09666697184245
2023-10-04,0.2779,0.3127,0.4094,19.989999771118164,19.549999237060547,19.729999542236328,19610400.0,27623.543,3.8,307.481,5.33,20699.3,25.20332170975469,-0.7037061564487052,23.065994693566637,-1.159999847412113,22.053014760875133,19.578984636402694,19.75666618347168,19.523332595825195,19.316665649414062,19.083332061767575,19.96333312988281,20.196666717529297,20.40333366394043
2023-10-05,0.301,0.2832,0.4158,19.905000686645508,19.57999992370605,19.76000022888184,18014900.0,27623.543,3.8,307.481,5.33,20699.3,26.531764530708287,-0.7088310724690318,23.04493337764341,-1.0799999237060511,22.07460288066644,19.43439656238776,19.7483336130778,19.591666539510094,19.423332850138344,19.26666577657064,19.91666730244955,20.073334376017257,20.241668065389007
2023-10-06,0.301,0.2832,0.4158,20.26000022888184,19.38999938964844,20.06999969482422,25090300.0,27623.543,3.8,307.481,5.33,20699.3,39.370498741707486,-0.7063886208290954,23.018769730477885,-0.4799995422363281,22.02068227523592,19.365317213594647,19.906666437784832,19.553332646687824,19.036665598551437,18.683331807454422,20.423333485921223,20.77666727701823,21.29333432515462
2023-10-09,0.301,0.2832,0.4158,20.125,19.670000076293945,19.8700008392334,16032800.0,27623.543,3.8,307.481,5.33,20699.3,34.83843778211768,-0.7009119894728116,23.001173020926856,-0.9599990844726528,21.789318069305832,19.37668153396565,19.888333638509117,19.651667277018227,19.43333371480306,19.19666735331217,20.10666720072428,20.343333562215168,20.561667124430336
2023-10-10,0.301,0.2832,0.4158,20.07999992370605,19.6299991607666,19.690000534057617,13937900.0,27623.543,3.8,307.481,5.33,20699.3,31.118488964350743,-0.6950949666543216,22.985164336006942,-0.949998855590824,21.76166860927709,19.267331100805915,19.799999872843426,19.5199998219808,19.349999109903976,19.06999905904135,19.97000058492025,20.250000635782875,20.4200013478597
2023-10-11,0.301,0.2832,0.4158,19.8799991607666,19.36000061035156,19.56999969482422,20414700.0,27623.543,3.8,307.481,5.33,20699.3,28.75652310369398,-0.6896998122818662,22.961150221460365,-0.6499996185302699,21.617903490386453,19.208096151032,19.60333315531413,19.326667149861656,19.08333460489909,18.806668599446613,19.8466657002767,20.12333170572917,20.36666425069174
2023-10-12,0.4,0.2351,0.3649,19.71999931335449,19.23500061035156,19.31999969482422,14461500.0,27623.543,3.8,307.481,5.33,20699.3,24.319312509732,-0.6872685383901955,22.943103180209764,-0.7900009155273402,21.41935503024208,19.164644603546986,19.424999872843426,19.13000043233236,18.94000116984049,18.645001729329422,19.614999135335285,19.909998575846352,20.09999783833821
2023-10-13,0.4,0.2351,0.3649,19.489999771118164,19.25,19.3700008392334,16410700.0,27623.543,3.8,307.481,5.33,20699.3,26.92157260236752,-0.684458255683641,22.923118796135192,-0.7099990844726527,21.30970999873842,19.08928978763853,19.37000020345052,19.250000635782875,19.13000043233236,19.01000086466471,19.49000040690104,19.609999974568684,19.730000178019203
2023-10-16,0.4,0.2351,0.3649,19.71999931335449,19.09499931335449,19.540000915527344,15272000.0,27623.543,3.8,307.481,5.33,20699.3,35.607531779525004,-0.6772854665119385,22.90560111382845,-0.779998779296875,21.18831018788786,19.05668969767122,19.451666514078774,19.18333371480306,18.826666514078774,18.55833371480306,19.80833371480306,20.076666514078774,20.43333371480306
2023-10-17,0.4,0.2351,0.3649,19.89999961853028,19.01000022888184,19.780000686645508,18750100.0,27623.543,3.8,307.481,5.33,20699.3,46.05254855207983,-0.6623816255082005,22.88585650748441,-0.2099990844726562,21.037462942096735,19.07953706553265,19.563333511352543,19.22666740417481,18.673334121704105,18.33666801452637,20.11666679382325,20.45333290100098,21.006666183471683
2023-10-18,0.4,0.2351,0.3649,20.07999992370605,19.690000534057617,20.059999465942383,18294200.0,27623.543,3.8,307.481,5.33,20699.3,55.721149289316855,-0.6374364762621602,22.86854613151409,0.3299999237060547,20.914530665671226,19.119469349587565,19.94333330790202,19.806666692097988,19.553333918253585,19.416667302449557,20.19666608174642,20.333332697550453,20.586665471394856
2023-10-19,0.3407,0.3132,0.3461999999999999,20.208999633789062,19.81999969482422,19.84000015258789,18831500.0,27623.543,3.8,307.481,5.33,20699.3,47.9329054178141,-0.6095624093710951,22.84956893397236,0.0799999237060511,20.778809656069456,19.155190359189334,19.95633316040039,19.70366668701172,19.567333221435547,19.314666748046875,20.09266662597656,20.345333099365234,20.481666564941406
2023-10-20,0.3407,0.3132,0.3461999999999999,20.030000686645508,19.71999931335449,19.739999771118164,24056500.0,27623.543,3.8,307.481,5.33,20699.3,44.65906615986589,-0.5815198899376472,22.8248754086909,-0.3299999237060547,20.69553933238972,19.15746073627483,19.82999992370605,19.6299991607666,19.51999855041504,19.319997787475582,19.94000053405762,20.140001296997077,20.25000190734864
2023-10-23,0.3407,0.3132,0.3461999999999999,19.80500030517578,19.424999237060547,19.68000030517578,19716500.0,27623.543,3.8,307.481,5.33,20699.3,42.64273312659574,-0.5544736778990093,22.80453937675797,-0.1900005340576172,20.51586731539991,19.222132791411617,19.636666615804035,19.46833292643229,19.2566655476888,19.08833185831705,19.848333994547524,20.01666768391927,20.22833506266276
2023-10-24,0.3407,0.3132,0.3461999999999999,20.00300025939941,19.64999961853028,19.979999542236328,21650900.0,27623.543,3.8,307.481,5.33,20699.3,54.49567114109862,-0.5234196688760716,22.784624221566183,0.2899990081787109,20.375722773398472,19.296277348671843,19.877666473388672,19.752332687377933,19.52466583251954,19.3993320465088,20.105333328247067,20.230667114257805,20.4583339691162
2023-10-25,0.3407,0.3132,0.3461999999999999,20.11899948120117,19.71999931335449,19.729999542236328,24711200.0,27623.543,3.8,307.481,5.33,20699.3,45.462180625486894,-0.4942771775009271,22.76023877075414,0.1599998474121093,20.321495650388435,19.30150449457006,19.85633277893066,19.593666076660156,19.45733261108398,19.194665908813477,19.992666244506832,20.25533294677734,20.391666412353512
2023-10-26,0.2928,0.2754,0.4318,19.1299991607666,18.5,18.690000534057617,60514900.0,27623.543,3.8,307.481,5.33,20699.3,25.317633216857672,-0.4833265050078829,22.682192380686395,-0.6299991607666016,20.43685028421312,19.044149853115982,18.773333231608078,18.416667302449547,18.143334070841476,17.786668141682945,19.046666463216148,19.40333239237468,19.67666562398275
