,Date,High,Low,Close,Volume,GDP,Unemployment,CPI,Interest_Rate,M2_Money_Supply,RSI,MACD_Signal,VWAP,Momentum,Bollinger_Upper,Bollinger_Lower,P,S1,S2,S3,R1,R2,R3
19,2023-01-12,66.5199966430664,63.65999984741211,65.6500015258789,5819800.0,26813.601,3.4,300.536,4.33,21290.7,77.64471321753585,0.028364307081493068,60.49699414603829,7.650001525878906,63.846920024469874,53.69308012811802,65.27666600545247,64.03333536783853,62.41666920979817,61.173338572184235,66.89333216349283,68.13666280110677,69.75332895914713
20,2023-01-13,65.5,63.7400016784668,65.44000244140625,3772100.0,26813.601,3.4,300.536,4.33,21290.7,76.00254675910776,0.26381340773715084,60.70485462634987,7.060001373291016,64.91662273353595,53.16737766319257,64.89333470662434,64.28666941324869,63.13333638509114,62.526671091715485,66.04666773478189,66.65333302815755,67.8066660563151
21,2023-01-17,65.7300033569336,63.2599983215332,63.33000183105469,3774600.0,26813.601,3.4,300.536,4.33,21290.7,61.036475156748025,0.46690080104173814,60.8108583752935,4.950000762939453,65.4385728181716,53.30442759381571,64.10666783650716,62.48333231608072,61.636662801106766,60.01332728068033,64.95333735148111,66.57667287190755,67.4233423868815
22,2023-01-18,63.5,61.9900016784668,62.08000183105469,2610300.0,26813.601,3.4,300.536,4.33,21290.7,53.79544264181463,0.618051145073181,60.84533593378293,6.0800018310546875,65.67462992649078,53.626370668602,62.52333450317383,61.546669006347656,61.013336181640625,60.03667068481445,63.05666732788086,64.03333282470703,64.56666564941406
23,2023-01-19,64.5,61.29999923706055,63.93999862670898,2585600.0,26813.601,3.4,300.536,4.33,21290.7,61.614110298043705,0.756991300983074,60.926427947764815,3.4499969482421804,66.18644438450846,53.78755616480794,63.246665954589844,61.99333190917969,60.04666519165039,58.793331146240234,65.19333267211914,66.4466667175293,68.3933334350586
24,2023-01-20,67.81999969482422,63.540000915527344,66.7699966430664,4001600.0,26813.601,3.4,300.536,4.33,21290.7,70.40586295910951,0.9244205041731148,61.15417381275445,7.769996643066406,67.1988997634376,53.75610054173819,66.04333241780598,64.26666514078775,61.76333363850911,59.986666361490876,68.54666392008463,70.32333119710286,72.8266626993815
25,2023-01-23,69.91000366210938,66.77799987792969,69.5199966430664,3724100.0,26813.601,3.4,300.536,4.33,21290.7,76.4528237704442,1.1426968773335187,61.44699015288737,10.569995880126953,68.76456349465492,53.38243662741539,68.73600006103516,67.56199645996094,65.60399627685547,64.42999267578125,70.69400024414062,71.86800384521484,73.82600402832031
26,2023-01-24,70.62999725341797,68.70999908447266,69.5999984741211,2591000.0,26813.601,3.4,300.536,4.33,21290.7,76.61322839602842,1.3800728085548002,61.640811423051666,11.500000000000007,70.05873919578848,53.29826077369394,69.64666493733723,68.6633326212565,67.72666676839192,66.74333445231119,70.58333079020181,71.56666310628255,72.50332895914713
27,2023-01-25,69.69999694824219,66.94999694824219,68.70999908447266,2802100.0,26813.601,3.4,300.536,4.33,21290.7,70.45275974390832,1.5996314486366119,61.81800368243895,8.709999084472656,70.93278215948285,53.550217642152894,68.45333099365234,67.2066650390625,65.70333099365234,64.4566650390625,69.9566650390625,71.20333099365234,72.7066650390625
28,2023-01-26,69.44999694824219,67.80000305175781,69.22000122070312,2075900.0,26813.601,3.4,300.536,4.33,21290.7,71.944385804662,1.8010038316693975,61.952948540968855,4.230003356933594,71.75005656509178,53.904943358614275,68.82333374023438,68.19667053222656,67.17333984375,66.54667663574219,69.84666442871094,70.47332763671875,71.49665832519531
29,2023-01-27,70.51000213623047,68.36000061035156,70.08000183105469,2810600.0,26813.601,3.4,300.536,4.33,21290.7,74.45365093749206,1.9900371034601463,62.14871737103106,4.430000305175781,72.60990471784174,54.253095388969776,69.6500015258789,68.79000091552734,67.5,66.63999938964844,70.94000244140625,71.80000305175781,73.09000396728516
30,2023-01-30,73.94999694824219,67.91999816894531,71.5,4259900.0,26813.601,3.4,300.536,4.33,21290.7,78.17293277196279,2.1795465672427126,62.47810593995778,6.05999755859375,73.61453757640753,54.56046242359248,71.12333170572917,68.29666646321616,65.0933329264323,62.26666768391928,74.32666524251303,77.15333048502605,80.3566640218099
31,2023-01-31,71.11499786376953,68.5,69.5199966430664,3084300.0,26813.601,3.4,300.536,4.33,21290.7,63.33702966886211,2.3228626750480084,62.65323040161096,6.189994812011719,74.0685743731579,55.220425184337216,69.71166483561198,68.30833180745444,67.09666697184245,65.6933339436849,70.92332967122397,72.32666269938152,73.5383275349935
32,2023-02-01,70.73999786376953,67.52999877929688,70.01000213623047,2698700.0,26813.601,3.6,301.648,4.57,21137.4,65.22175543869744,2.432236292605621,62.80990333833657,7.930000305175781,74.12427986377249,56.56571990734567,69.42666625976562,68.11333465576172,66.21666717529297,64.90333557128906,71.32333374023438,72.63666534423828,74.53333282470703
33,2023-02-02,71.88999938964844,69.0,70.6500015258789,2776000.0,26813.601,3.6,301.648,4.57,21137.4,67.72238027291934,2.5192691270589496,62.97797013665604,6.710002899169929,74.62521199062769,57.0807877652317,70.51333363850911,69.13666788736978,67.62333424886067,66.24666849772134,72.02666727701822,73.40333302815755,74.91666666666666
34,2023-02-03,70.62999725341797,69.0999984741211,70.55000305175781,3074900.0,26813.601,3.6,301.648,4.57,21137.4,66.85573520074615,2.5803994452911683,63.15359769525751,3.7800064086914062,74.8153071353076,58.04569292572755,70.0933329264323,69.55666859944662,68.56333414713542,68.02666982014975,71.0866673787435,71.62333170572917,72.61666615804037
35,2023-02-06,72.3499984741211,69.54000091552734,71.86000061035156,2227400.0,26813.601,3.6,301.648,4.57,21137.4,72.22783233053153,2.6371090095284453,63.29746098405603,2.3400039672851562,75.01175396946273,59.14024607631363,71.25,70.1500015258789,68.44000244140625,67.34000396728516,72.95999908447266,74.05999755859375,75.7699966430664
36,2023-02-07,72.19999694824219,71.0999984741211,71.62999725341797,1932300.0,26813.601,3.6,301.648,4.57,21137.4,69.93157594601102,2.6783948476480486,63.41521710908136,2.029998779296875,74.71335516417498,60.79164475953108,71.64333089192708,71.08666483561197,70.54333241780598,69.98666636149088,72.18666330973306,72.74332936604817,73.28666178385416
37,2023-02-08,71.41999816894531,70.0199966430664,70.16999816894531,1111900.0,26813.601,3.6,301.648,4.57,21137.4,56.7233624984332,2.6784510848603715,63.469703914464446,1.4599990844726562,74.25618650514568,62.265813235454914,70.53666432698567,69.65333048502603,69.13666280110677,68.25332895914713,71.05333201090494,71.93666585286458,72.45333353678384
38,2023-02-09,70.9800033569336,68.20999908447266,68.41000366210938,1186000.0,26813.601,3.6,301.648,4.57,21137.4,44.92190678125698,2.618478042669626,63.511847516573546,-0.80999755859375,74.22607470612324,62.63792561431133,69.2000020345052,67.42000071207681,66.42999776204427,64.64999643961588,70.19000498453775,71.97000630696614,72.96000925699869
39,2023-02-10,69.54000091552734,68.19000244140625,69.23999786376953,1968100.0,26813.601,3.6,301.648,4.57,21137.4,50.52318333632636,2.531297728691974,63.591803407237606,-0.8400039672851562,74.26337650682586,62.959623447397774,68.99000040690105,68.43999989827475,67.64000193277995,67.09000142415366,69.78999837239584,70.33999888102214,71.13999684651694
40,2023-02-13,69.87000274658203,67.91000366210938,69.43000030517578,2223200.0,26813.601,3.6,301.648,4.57,21137.4,51.81746789038721,2.4288965983980573,63.682429192519166,-2.0699996948242188,74.26990194767599,63.35209779292459,69.07000223795573,68.27000172932944,67.11000315348308,66.31000264485678,70.23000081380209,71.03000132242839,72.18999989827475
41,2023-02-14,73.16999816894531,68.71399688720703,72.61000061035156,3036000.0,26813.601,3.6,301.648,4.57,21137.4,67.9888015961159,2.367522492714098,63.867748055562195,3.0900039672851562,74.33533690493893,64.21466271359135,71.4979985555013,69.82599894205728,67.04199727376302,65.369997660319,74.28200022379556,75.95399983723958,78.73800150553384
42,2023-02-15,73.54000091552734,71.72000122070312,72.31999969482422,1773000.0,26813.601,3.6,301.648,4.57,21137.4,65.66958863469485,2.3250578053710256,63.96898349871959,2.30999755859375,73.73120145113418,65.84279795377304,72.52666727701823,71.51333363850912,70.70666758219402,69.6933339436849,73.33333333333334,74.34666697184245,75.15333302815756
43,2023-02-16,71.81999969482422,70.33999633789062,70.91000366210938,1829400.0,26813.601,3.6,301.648,4.57,21137.4,55.1211548757755,2.2688763039385194,64.05371582902278,0.26000213623046875,72.98392049964022,67.28707940880705,71.02333323160808,70.22666676839194,69.54332987467448,68.74666341145834,71.70667012532553,72.50333658854167,73.18667348225912
44,2023-02-17,73.4800033569336,70.88999938964844,73.16999816894531,2408600.0,26813.601,3.6,301.648,4.57,21137.4,65.39986971921732,2.237928160687815,64.19791904522857,2.6199951171875,73.14554753618478,67.76545252485039,72.51333363850911,71.54666392008463,69.92332967122395,68.95665995279947,74.13666788736978,75.10333760579427,76.72667185465494
45,2023-02-21,73.0999984741211,72.25,72.47000122070312,1835500.0,26813.601,3.6,301.648,4.57,21137.4,60.45172373537779,2.208149416859058,64.29644663379158,0.6100006103515625,73.3985083527508,67.80749216604802,72.6066665649414,72.11333465576172,71.75666809082031,71.26333618164062,72.96333312988281,73.4566650390625,73.8133316040039
46,2023-02-22,73.0,70.84300231933594,71.94000244140625,2010200.0,26813.601,3.6,301.648,4.57,21137.4,56.70368934737034,2.167176040727529,64.39486922741087,0.31000518798828125,73.53456380428612,67.90543711124123,71.92766825358073,70.85533650716147,69.77067057291667,68.6983388264974,73.01233418782553,74.0846659342448,75.16933186848959
47,2023-02-23,76.20999908447266,72.28299713134766,75.9000015258789,3763200.0,26813.601,3.6,301.648,4.57,21137.4,71.78508983190471,2.1795740180281227,64.66567897034116,5.730003356933594,74.56890985693197,67.59009130273601,74.79766591389973,73.38533274332681,70.87066396077473,69.45833079020181,77.31233469645181,78.72466786702473,81.23933664957681
48,2023-02-24,75.7699966430664,74.22000122070312,75.01000213623047,2102900.0,26813.601,3.6,301.648,4.57,21137.4,65.83793164359949,2.2056070926970444,64.79997430163358,6.599998474121094,75.1568146133694,67.5811866378513,75.0,74.2300033569336,73.45000457763672,72.68000793457031,75.77999877929688,76.54999542236328,77.32999420166016
49,2023-02-27,76.9800033569336,74.56999969482422,76.04000091552734,2139600.0,26813.601,3.6,301.648,4.57,21137.4,69.24080026701067,2.250227689693683,64.94650919974464,6.8000030517578125,75.93515528253859,67.39884587712938,75.86333465576172,74.74666595458984,73.45333099365234,72.33666229248047,77.15666961669922,78.2733383178711,79.5666732788086
50,2023-02-28,76.33999633789062,75.30000305175781,76.0,3511800.0,26813.601,3.6,301.648,4.57,21137.4,68.93311263289625,2.2983925848346267,65.17807552879835,6.569999694824219,76.57716038660206,67.20684077306592,75.87999979654948,75.42000325520834,74.84000651041667,74.38000996907553,76.45999654134116,76.9199930826823,77.49998982747397
51,2023-03-01,75.73999786376953,75.01000213623047,75.30000305175781,2534300.0,26813.601,3.5,301.808,4.65,21042.5,63.25724379550718,2.329847549899017,65.32882324922655,2.69000244140625,76.96218300337166,67.39981879716545,75.35000101725261,74.96000417073569,74.62000528971355,74.23000844319662,75.68999989827475,76.07999674479167,76.41999562581381
52,2023-03-02,75.47000122070312,74.5,75.04000091552734,1391900.0,26813.601,3.5,301.808,4.65,21042.5,61.10107867998142,2.3397217571946434,65.40761332012849,2.720001220703125,77.2617796784373,67.60322200002949,75.00333404541016,74.53666687011719,74.03333282470703,73.56666564941406,75.50666809082031,75.97333526611328,76.47666931152344
53,2023-03-03,76.9000015258789,75.12000274658203,76.37000274658203,2082700.0,26813.601,3.5,301.808,4.65,21042.5,67.61620350868873,2.351438644617856,65.53910035021708,5.459999084472656,77.77543743447559,67.66156436606151,76.13000233968098,75.36000315348306,74.35000356038411,73.58000437418619,77.14000193277994,77.91000111897786,78.92000071207681
54,2023-03-06,77.16000366210938,75.69999694824219,76.68000030517578,1874100.0,26813.601,3.5,301.808,4.65,21042.5,69.01203250501379,2.3632826953228703,65.65806057218019,3.5100021362304688,78.26818451002288,67.78181701585603,76.51333363850911,75.86666361490884,75.05332692464192,74.40665690104166,77.32667032877603,77.9733403523763,78.78667704264322
55,2023-03-07,76.83499908447266,75.93000030517578,76.25,1709400.0,26813.601,3.5,301.808,4.65,21042.5,64.55838818413696,2.362338761765154,65.76022474288648,3.779998779296875,78.64746142309264,67.8415400417511,76.33833312988281,75.84166717529297,75.43333435058594,74.9366683959961,76.74666595458984,77.24333190917969,77.65166473388672
56,2023-03-08,77.4000015258789,76.10199737548828,76.62999725341797,1641300.0,26813.601,3.5,301.808,4.65,21042.5,66.74658586594225,2.3541074363253602,65.85996816665998,4.689994812011719,79.04364747154254,67.9453539933012,76.71066538492839,76.02132924397787,75.41266123453777,74.72332509358725,77.3193333943685,78.00866953531902,78.61733754475912
57,2023-03-09,77.4000015258789,75.9000015258789,76.37999725341797,1683800.0,26813.601,3.5,301.808,4.65,21042.5,63.75833197567262,2.33238592349233,65.95807833981743,0.4799957275390625,79.26514255341736,68.34485881987366,76.56000010172527,75.71999867757162,75.06000010172527,74.21999867757162,77.21999867757162,78.06000010172527,78.71999867757162
58,2023-03-10,76.52999877929688,74.5,74.97000122070312,3388600.0,26813.601,3.5,301.808,4.65,21042.5,49.373414139510245,2.2755360576325714,66.124101589498,-0.04000091552734375,78.9825694803323,69.2834316488181,75.33333333333333,74.13666788736978,73.30333455403645,72.10666910807291,76.16666666666666,77.3633321126302,78.19666544596353
59,2023-03-13,77.4800033569336,74.04000091552734,76.23999786376953,2272100.0,26813.601,3.5,301.808,4.65,21042.5,58.989495692426296,2.214724232288501,66.24753454883279,0.1999969482421875,78.83004979643323,70.13595133271716,75.92000071207683,74.35999806722006,72.47999827067058,70.91999562581381,77.80000050862631,79.36000315348308,81.24000295003256
60,2023-03-14,78.76000213623047,76.3499984741211,77.13999938964844,1992300.0,26813.601,3.5,301.808,4.65,21042.5,64.50269242880228,2.1639281780523283,66.36284224172522,1.1399993896484375,78.66086411189815,71.0761369256995,77.41666666666667,76.07333119710287,75.0066630045573,73.6633275349935,78.48333485921225,79.82667032877605,80.89333852132162
61,2023-03-15,76.80999755859375,75.58999633789062,76.76000213623047,2326200.0,26813.601,3.5,301.808,4.65,21042.5,60.537896612179686,2.1110779639304056,66.48978388189055,1.4599990844726562,78.80160004823091,71.35040114195465,76.38666534423828,75.96333312988281,75.16666412353516,74.74333190917969,77.18333435058594,77.6066665649414,78.40333557128906
62,2023-03-16,77.44999694824219,75.75,76.62000274658203,1624600.0,26813.601,3.5,301.808,4.65,21042.5,58.99633250638181,2.0526655555401137,66.57543245699108,1.5800018310546875,78.83899748339613,71.74300401196521,76.6066665649414,75.76333618164062,74.90666961669922,74.06333923339844,77.46333312988281,78.3066635131836,79.163330078125
63,2023-03-17,77.54000091552734,75.43000030517578,75.83999633789062,5803300.0,26813.601,3.5,301.808,4.65,21042.5,50.69711012819272,1.976705959805765,66.84703426007412,-0.5300064086914062,78.42804224577561,72.64695851716384,76.26999918619792,74.9999974568685,74.15999857584636,72.88999684651694,77.10999806722006,78.37999979654948,79.21999867757162
64,2023-03-20,75.80999755859375,74.51000213623047,75.19999694824219,1714100.0,26813.601,3.5,301.808,4.65,21042.5,44.738764775728654,1.8790139253134175,66.91874182354171,-1.4800033569335938,78.31403698002138,72.96396366084777,75.17333221435547,74.53666687011719,73.87333679199219,73.2366714477539,75.83666229248047,76.47332763671875,77.13665771484375
65,2023-03-21,76.68000030517578,75.5,76.5199966430664,1401600.0,26813.601,3.5,301.808,4.65,21042.5,56.816869006527156,1.7895987684810835,66.98566898888295,0.26999664306640625,78.08478839451416,73.5982117885913,76.23333231608073,75.78666432698569,75.05333201090495,74.6066640218099,76.96666463216147,77.41333262125652,78.14666493733725
66,2023-03-22,77.05000305175781,74.70999908447266,74.7699966430664,1549800.0,26813.601,3.5,301.808,4.65,21042.5,42.58045504357086,1.678059602976764,67.04520949530875,-1.8600006103515625,77.39196499230171,74.57403461096978,75.50999959309895,73.9699961344401,73.1699956258138,71.62999216715494,76.31000010172525,77.85000356038411,78.65000406901041
67,2023-03-23,76.70999908447266,74.87000274658203,75.70999908447266,1393700.0,26813.601,3.5,301.808,4.65,21042.5,50.29887445412124,1.5696731574922078,67.10440191217705,-0.6699981689453125,77.38737486551219,74.55962449361868,75.76333363850911,74.81666819254556,73.92333730061848,72.97667185465494,76.65666453043619,77.60332997639973,78.49666086832681
68,2023-03-24,76.48999786376953,74.88999938964844,76.45999908447266,1154800.0,26813.601,3.5,301.808,4.65,21042.5,55.772120071597925,1.4773327817377637,67.15706007472257,1.4899978637695312,77.39925556485824,74.69274348909684,75.94666544596355,75.40333302815756,74.34666697184245,73.80333455403647,77.00333150227866,77.54666392008464,78.60332997639975
69,2023-03-27,77.45999908447266,76.26499938964844,76.37999725341797,1196600.0,26813.601,3.5,301.808,4.65,21042.5,55.02629740925316,1.395246883975374,67.21053868373775,0.1399993896484375,77.42445542714442,74.7015432605997,76.70166524251302,75.94333140055338,75.5066655476888,74.74833170572916,77.1383310953776,77.89666493733723,78.33333079020181
70,2023-03-28,76.94000244140625,76.1500015258789,76.9000015258789,760800.0,26813.601,3.5,301.808,4.65,21042.5,59.1257263400007,1.329007687340279,67.24612916903614,-0.23999786376953125,77.51927180349534,74.69672703683668,76.66333516438802,76.38666788736978,75.87333424886067,75.59666697184244,77.17666880289713,77.45333607991536,77.96666971842447
71,2023-03-29,79.47000122070312,77.05999755859375,79.23999786376953,1786000.0,26813.601,3.5,301.808,4.65,21042.5,72.25633222010069,1.3104774616693016,67.34866500929482,2.4799957275390625,78.24303421711092,74.36696410442228,78.58999888102214,77.70999654134116,76.17999521891277,75.29999287923178,80.12000020345053,81.00000254313152,82.5300038655599
72,2023-03-30,82.28900146484375,79.5,82.13999938964844,2188900.0,26813.601,3.5,301.808,4.65,21042.5,80.9893265076959,1.3661026671665275,67.50203540766279,5.519996643066406,79.83116565123301,73.48883251771231,81.30966695149739,80.33033243815103,78.52066548665364,77.54133097330728,83.11933390299478,84.09866841634114,85.90833536783853
73,2023-03-31,82.58999633789062,81.58000183105469,82.02999877929688,1916200.0,26813.601,3.5,301.808,4.65,21042.5,79.88872634338114,1.4604224752966684,67.63272153034414,6.19000244140625,80.914434625805,72.9715631464118,82.06666564941406,81.5433349609375,81.05667114257812,80.53334045410156,82.55332946777344,83.07666015625,83.56332397460938
74,2023-04-01,82.58999633789062,81.58000183105469,82.02999877929688,1916200.0,27063.012,3.4,302.918,4.83,20859.3,79.88872634338114,1.5707223122855265,67.76107744345632,6.8300018310546875,81.78262739828415,72.63837022134476,82.06666564941406,81.5433349609375,81.05667114257812,80.53334045410156,82.55332946777344,83.07666015625,83.56332397460938
75,2023-04-03,82.62000274658203,81.47000122070312,81.80999755859375,1913100.0,27063.012,3.4,302.918,4.83,20859.3,77.09890864205221,1.6781660372018943,67.88502181106756,5.290000915527344,82.47232223205485,72.50467514343343,81.96666717529297,81.3133316040039,80.81666564941406,80.163330078125,82.46333312988281,83.11666870117188,83.61333465576172
76,2023-04-04,82.16000366210938,81.47000122070312,81.58999633789062,1552700.0,27063.012,3.4,302.918,4.83,20859.3,74.1126291279803,1.7708523579584128,67.98245644335356,6.819999694824219,83.02477843469791,72.44821884923763,81.74000040690105,81.31999715169272,81.0499979654948,80.62999471028647,82.00999959309897,82.4300028483073,82.70000203450522
77,2023-04-05,81.80000305175781,80.6500015258789,81.12000274658203,1410600.0,27063.012,3.4,302.918,4.83,20859.3,67.65331971162641,1.8378956496129875,68.06676462160407,5.410003662109375,83.42805107527931,72.51894675797263,81.19000244140625,80.58000183105469,80.04000091552734,79.43000030517578,81.7300033569336,82.34000396728516,82.8800048828125
78,2023-04-06,81.05999755859375,80.08999633789062,80.16000366210938,1356700.0,27063.012,3.4,302.918,4.83,20859.3,56.12475775661578,1.8658467066191027,68.14094785223797,3.7000045776367188,83.57864477823341,72.88735329915917,80.43666585286458,79.81333414713541,79.46666463216145,78.84333292643228,80.78333536783853,81.4066670735677,81.75333658854166
79,2023-04-10,80.62999725341797,79.69999694824219,80.58999633789062,1579200.0,27063.012,3.4,302.918,4.83,20859.3,59.676056212050426,1.8704379076352047,68.22920758334268,4.209999084472656,83.80867850437181,73.09231942043289,80.3066635131836,79.98332977294922,79.37666320800781,79.05332946777344,80.913330078125,81.23666381835938,81.84333038330078
80,2023-04-11,80.68499755859375,79.95999908447266,80.58999633789062,1167000.0,27063.012,3.4,302.918,4.83,20859.3,59.676056212050426,1.8558838187863314,68.29362999163338,3.6899948120117188,84.02549012520811,73.22050749442079,80.41166432698567,80.1383310953776,79.68666585286458,79.4133326212565,80.86332956949869,81.13666280110677,81.58832804361978
81,2023-04-12,81.9000015258789,80.60700225830078,81.75,1232000.0,27063.012,3.4,302.918,4.83,20859.3,68.75835287490517,1.8443700288471687,68.3672635095747,2.5100021362304688,84.37274194862702,73.37225545737884,81.41900126139323,80.93800099690756,80.12600199381511,79.64500172932944,82.23100026448569,82.71200052897136,83.52399953206381
82,2023-04-13,83.1719970703125,81.37999725341797,82.94000244140625,1252800.0,27063.012,3.4,302.918,4.83,20859.3,75.33435037923623,1.8501475128220044,68.44790340571257,0.8000030517578125,84.86715565806105,73.50984171742724,82.49733225504558,81.82266743977866,80.70533243815105,80.03066762288412,83.61466725667319,84.28933207194011,85.40666707356772
83,2023-04-14,83.27999877929688,81.9800033569336,82.37000274658203,1163600.0,27063.012,3.4,302.918,4.83,20859.3,67.48377054182524,1.853149094388493,68.51909178088377,0.34000396728515625,85.13360324749054,73.89639476886687,82.5433349609375,81.80667114257812,81.24333953857422,80.50667572021484,83.1066665649414,83.84333038330078,84.40666198730469
84,2023-04-17,83.23999786376953,82.0,82.72000122070312,861000.0,27063.012,3.4,302.918,4.83,20859.3,69.7194612380971,1.8556137658379082,68.57261963811906,0.69000244140625,85.29619482725397,74.48580361634956,82.65333302815755,82.06666819254556,81.41333516438802,80.82667032877603,83.3066660563151,83.89333089192708,84.54666392008463
85,2023-04-18,84.16000366210938,82.79000091552734,83.66000366210938,1522000.0,27063.012,3.4,302.918,4.83,20859.3,75.03809416422457,1.8683805811015075,68.6724827291066,1.850006103515625,85.65889333794392,74.8371058075639,83.5366694132487,82.91333516438803,82.16666666666667,81.543332417806,84.28333791097006,84.90667215983073,85.65334065755209
86,2023-04-19,86.87999725341797,83.75,85.75,2422900.0,27063.012,3.4,302.918,4.83,20859.3,82.79213224965372,1.9160215766089173,68.85055014809663,4.160003662109375,86.09456388341097,75.4994355977902,85.45999908447266,84.04000091552734,82.33000183105469,80.91000366210938,87.16999816894531,88.58999633789062,90.29999542236328
87,2023-04-20,86.31999969482422,84.68000030517578,85.0,1634900.0,27063.012,3.4,302.918,4.83,20859.3,73.35685746771571,1.9666908002502719,68.96338109767957,3.8799972534179688,86.30399942609604,76.21900014665788,85.33333333333333,84.34666697184244,83.69333394368489,82.706667582194,85.98666636149088,86.97333272298177,87.62666575113931
88,2023-04-21,86.51499938964844,85.08999633789062,86.4800033569336,1850600.0,27063.012,3.4,302.918,4.83,20859.3,78.8460283076617,2.0357319972052856,69.10082363037777,6.319999694824219,86.7873992380201,76.7376007619799,86.02833302815755,85.54166666666666,84.60332997639973,84.11666361490884,86.96666971842447,87.45333607991536,88.39167277018228
89,2023-04-24,87.83000183105469,86.18000030517578,87.79000091552734,2692800.0,27063.012,3.4,302.918,4.83,20859.3,82.52337488419295,2.128929538420681,69.31179433034109,7.200004577636719,87.37567451460568,77.29032585160526,87.26666768391927,86.70333353678384,85.61666615804036,85.05333201090494,88.35333506266275,88.91666920979817,90.00333658854166
90,2023-04-25,83.5,78.77999877929688,80.38999938964844,7291400.0,27063.012,3.4,302.918,4.83,20859.3,38.68783781164841,2.1094672756567654,69.6403677059521,-0.1999969482421875,86.96630459825309,78.04869555433481,80.88999938964844,78.27999877929688,76.16999816894531,73.55999755859375,83.0,85.61000061035156,87.72000122070312
91,2023-04-26,80.2699966430664,77.55999755859375,80.12000274658203,3489500.0,27063.012,3.4,302.918,4.83,20859.3,37.84159832776155,2.011296732943305,69.78703734518588,-1.6299972534179688,86.89029245758873,78.21270818328041,79.31666564941406,78.36333465576172,76.6066665649414,75.65333557128906,81.07333374023438,82.02666473388672,83.78333282470703
92,2023-04-27,81.54000091552734,80.62000274658203,81.5199966430664,1557000.0,27063.012,3.4,302.918,4.83,20859.3,45.0348012715305,1.8866915601186955,69.85985276947896,-1.4200057983398438,86.88047974353303,78.16052062267791,81.22666676839192,80.9133326212565,80.30666859944661,79.99333445231119,81.83333079020181,82.14666493733723,82.75332895914713
93,2023-04-28,81.7300033569336,81.01000213623047,81.33999633789062,1617600.0,27063.012,3.4,302.918,4.83,20859.3,44.27469716309852,1.7448777308793868,69.93339799687864,-1.0300064086914062,86.87315705744291,78.0988430646274,81.36000061035156,80.98999786376953,80.63999938964844,80.2699966430664,81.70999908447266,82.08000183105469,82.43000030517578
94,2023-05-01,81.72899627685547,80.7249984741211,80.77999877929688,1355800.0,27063.012,3.7,303.294,5.06,20728.1,41.74543076092518,1.5868006011669755,69.99132747671162,-1.94000244140625,86.87317950856041,77.9738206135099,81.07799784342448,80.4269994099935,80.07400004069011,79.42300160725912,81.43099721272787,82.08199564615886,82.43499501546225
95,2023-05-02,80.6500015258789,77.88999938964844,78.45999908447266,1879100.0,27063.012,3.7,303.294,5.06,20728.1,32.79091326959551,1.3861857344479442,70.05355358460297,-5.200004577636719,87.04238772834046,77.46961254631773,79.0,77.3499984741211,76.23999786376953,74.58999633789062,80.11000061035156,81.76000213623047,82.87000274658203
96,2023-05-03,80.41999816894531,78.0199966430664,79.70999908447266,1748900.0,27063.012,3.7,303.294,5.06,20728.1,40.69890083178758,1.1862092233375041,70.11914240670163,-6.040000915527344,87.07561176950173,77.24838877981466,79.38333129882812,78.34666442871094,76.98332977294922,75.94666290283203,80.74666595458984,81.78333282470703,83.14666748046875
97,2023-05-04,80.26000213623047,77.69000244140625,78.26000213623047,1751400.0,27063.012,3.7,303.294,5.06,20728.1,35.161451555692864,0.9712784551031215,70.174141956265,-6.739997863769531,87.21845053046785,76.81954995781341,78.73666890462239,77.21333567301431,76.16666920979817,74.6433359781901,79.78333536783853,81.30666859944661,82.35333506266275
98,2023-05-05,79.52999877929688,78.5,78.98999786376953,1077400.0,27063.012,3.7,303.294,5.06,20728.1,39.91070479705755,0.7676745896561473,70.21062942718858,-7.4900054931640625,87.27311427804271,76.64788563040456,79.0066655476888,78.48333231608072,77.97666676839192,77.45333353678384,79.5133310953776,80.03666432698567,80.54332987467447
99,2023-05-08,79.48999786376953,78.61000061035156,79.41999816894531,842300.0,27063.012,3.7,303.294,5.06,20728.1,42.76031609001706,0.5869541765587868,70.24033213135812,-8.370002746582031,87.30318532315431,76.50081476839841,79.17333221435547,78.8566665649414,78.2933349609375,77.97666931152344,79.73666381835938,80.05332946777344,80.61666107177734
100,2023-05-09,78.79000091552734,76.12000274658203,76.37000274658203,2499700.0,27063.012,3.7,303.294,5.06,20728.1,30.804464666137974,0.38005164782446116,70.29844699248545,-4.019996643066406,87.61262948941919,75.7693712430027,77.0933354695638,75.39667002360025,74.42333730061848,72.72667185465494,78.06666819254556,79.76333363850911,80.73666636149088
101,2023-05-10,76.76000213623047,74.97000122070312,75.9000015258789,1792900.0,27063.012,3.7,303.294,5.06,20728.1,29.345551052893583,0.15922003913110996,70.33628110420906,-4.220001220703125,87.86107442865188,74.93592645635789,75.87666829427083,74.99333445231119,74.08666737874348,73.20333353678384,76.78333536783853,77.66666920979817,78.57333628336588
102,2023-05-11,75.70999908447266,74.70999908447266,74.98999786376953,1504800.0,27063.012,3.7,303.294,5.06,20728.1,26.537716453537826,-0.07364716081621647,70.36251378184761,-6.529998779296875,88.01850682210372,73.98349360514237,75.13666534423828,74.5633316040039,74.13666534423828,73.5633316040039,75.5633316040039,76.13666534423828,76.5633316040039
103,2023-05-12,75.01000213623047,74.2699966430664,74.91999816894531,2577500.0,27063.012,3.7,303.294,5.06,20728.1,26.31424549717653,-0.30279970024846103,70.40609653460302,-6.4199981689453125,88.11525931139136,73.14174065809107,74.73333231608073,74.456662495931,73.99332682291667,73.71665700276694,75.19666798909506,75.4733378092448,75.93667348225912
104,2023-05-15,75.55999755859375,74.69999694824219,74.93000030517578,1187900.0,27063.012,3.7,303.294,5.06,20728.1,26.416406008881538,-0.5167616876523289,70.4259471594906,-5.849998474121094,88.070236316943,72.40776356098668,75.0633316040039,74.56666564941406,74.20333099365234,73.7066650390625,75.42666625976562,75.92333221435547,76.28666687011719
105,2023-05-16,78.2699966430664,75.22000122070312,77.77999877929688,2668900.0,27063.012,3.7,303.294,5.06,20728.1,49.45578429577163,-0.6633384248576919,70.4977397077694,-0.6800003051757812,87.67632963550318,72.21366975414526,77.08999888102214,75.91000111897787,74.04000345865886,72.86000569661459,78.95999654134116,80.13999430338542,82.00999196370444
106,2023-05-17,80.61000061035156,76.20600128173828,80.30000305175781,3716300.0,27063.012,3.7,303.294,5.06,20728.1,61.69278308041642,-0.7182785191174249,70.6291997324578,0.5900039672851562,86.91080181605287,72.43419787877136,79.03866831461589,77.46733601888022,74.63466898600261,73.06333669026694,81.8713353474935,83.44266764322917,86.27533467610678
107,2023-05-18,81.12999725341797,79.22000122070312,79.69000244140625,1483500.0,27063.012,3.7,303.294,5.06,20728.1,57.785294772659235,-0.7209975917824456,70.67744913890627,1.4300003051757812,86.19824925940956,72.61575067955529,80.01333363850911,78.89667002360025,78.10333760579427,76.98667399088541,80.8066660563151,81.92332967122395,82.71666208902994
108,2023-05-19,81.08899688720703,79.12000274658203,79.33999633789062,1311100.0,27063.012,3.7,303.294,5.06,20728.1,55.4596997275234,-0.6947838451266362,70.71802615287413,0.34999847412109375,84.97058272310522,73.12941651395533,79.84966532389323,78.61033376057944,77.88067118326823,76.64133961995444,80.57932790120444,81.81865946451823,82.54832204182944
109,2023-05-22,79.41899871826172,78.70999908447266,79.08000183105469,1357700.0,27063.012,3.7,303.294,5.06,20728.1,53.61042073047588,-0.6543742433428036,70.75839160684647,-0.339996337890625,82.87751734208564,74.35148198652763,79.06966654459636,78.720334370931,78.3606669108073,78.01133473714194,79.42933400472006,79.77866617838542,80.13833363850912
110,2023-05-23,79.77300262451172,77.05999755859375,77.19000244140625,1382400.0,27063.012,3.7,303.294,5.06,20728.1,41.893426735665784,-0.6358476778325177,70.78984889218914,0.8199996948242188,82.67694766556295,74.2320519682261,78.0076675415039,76.2423324584961,75.29466247558594,73.52932739257812,78.95533752441406,80.72067260742188,81.66834259033203
111,2023-05-24,77.13999938964844,76.08000183105469,76.52999877929688,1431900.0,27063.012,3.7,303.294,5.06,20728.1,38.50271453267881,-0.6410889161715676,70.8187829284806,0.6299972534179688,82.50455628375387,74.04544295330668,76.58333333333333,76.02666727701822,75.52333577473958,74.96666971842447,77.08666483561197,77.64333089192708,78.14666239420572
112,2023-05-25,80.05999755859375,75.61000061035156,79.86000061035156,3127800.0,27063.012,3.7,303.294,5.06,20728.1,58.19879712455899,-0.6063631934695101,70.91724824471923,4.870002746582031,82.21346599725574,74.17053363653334,78.50999959309895,76.96000162760416,74.06000264485677,72.51000467936197,81.40999857584634,82.95999654134114,85.85999552408853
113,2023-05-26,80.19999694824219,78.37000274658203,78.43000030517578,2243100.0,27063.012,3.7,303.294,5.06,20728.1,50.22787953303757,-0.569840128952303,70.97547013362616,3.5100021362304688,81.78931803408379,74.30368199643378,79.0,77.80000305175781,77.17000579833984,75.97000885009766,79.62999725341797,80.82999420166016,81.45999145507812
114,2023-05-30,79.05000305175781,77.41000366210938,77.95999908447266,1775800.0,27063.012,3.7,303.294,5.06,20728.1,47.74783891851948,-0.5403049388526475,71.01806069907227,3.029998779296875,81.42025416383028,74.39074589720487,78.14000193277995,77.23000081380209,76.50000254313152,75.59000142415366,78.87000020345053,79.78000132242839,80.50999959309897
115,2023-05-31,79.7300033569336,77.74299621582031,79.51000213623047,4501500.0,27063.012,3.7,303.294,5.06,20728.1,56.01249446410388,-0.4907370388634473,71.14732682172973,1.7300033569335938,81.53838362095851,74.37761674525242,78.9943339029948,78.258664449056,77.00732676188152,76.27165730794272,80.24567159016928,80.98134104410808,82.23267873128256
116,2023-06-01,80.0999984741211,78.88999938964844,79.83000183105469,2355500.0,27063.012,3.6,303.841,5.08,20767.3,57.60966846338829,-0.4249875584240872,71.21594063224255,-0.470001220703125,81.55712566889544,74.37087497197369,79.6066665649414,79.11333465576172,78.39666748046875,77.90333557128906,80.32333374023438,80.81666564941406,81.53333282470703
117,2023-06-02,80.87000274658203,79.9000015258789,79.97000122070312,2404500.0,27063.012,3.6,303.841,5.08,20767.3,58.37267090632183,-0.3493402321507617,71.28599253162511,0.279998779296875,81.75199812567719,74.34700242363921,80.24666849772136,79.62333424886069,79.27666727701823,78.65333302815756,80.59333546956381,81.21666971842448,81.56333669026694
118,2023-06-05,80.7239990234375,78.77999877929688,80.48999786376953,1416700.0,27063.012,3.6,303.841,5.08,20767.3,61.353847373762235,-0.2623622259146595,71.32918395739158,1.1500015258789062,81.9653971509273,74.2836033983891,79.9979985555013,79.2719980875651,78.05399831136067,77.32799784342447,81.21599833170572,81.94199879964192,83.15999857584634
119,2023-06-06,83.18000030517578,77.80000305175781,82.93000030517578,23800600.0,27063.012,3.6,303.841,5.08,20767.3,72.15184438105683,-0.13331510933760357,72.17692530421928,3.8499984741210938,82.67391424644406,73.9260865164954,81.30333455403645,79.42666880289713,75.92333730061848,74.04667154947916,84.8066660563151,86.68333180745442,90.18666330973306
120,2023-06-07,82.26000213623047,80.19000244140625,80.4800033569336,3883900.0,27063.012,3.6,303.841,5.08,20767.3,54.50716652359811,-0.023449170802418068,72.2747719141783,3.2900009155273438,82.88381416377094,74.12718666020366,80.97666931152344,79.6933364868164,78.90666961669922,77.62333679199219,81.76333618164062,83.04666900634766,83.83333587646484
121,2023-06-08,78.4000015258789,76.75,77.75,15048600.0,27063.012,3.6,303.841,5.08,20767.3,41.468568766529124,0.025132859184498615,72.51385370175943,1.220001220703125,82.81991759602882,74.3760830753579,77.63333384195964,76.86666615804037,75.98333231608073,75.21666463216147,78.51666768391928,79.28333536783855,80.16666920979819
122,2023-06-09,78.5,77.05999755859375,77.0999984741211,4894700.0,27063.012,3.6,303.841,5.08,20767.3,38.91143398842124,0.02232889468523338,72.57807768089812,-2.7600021362304688,82.64172072406679,74.76528000835508,77.55333201090495,76.6066640218099,76.1133295694987,75.16666158040366,78.04666646321616,78.9933344523112,79.4866689046224
123,2023-06-12,78.30999755859375,76.9000015258789,78.2699966430664,5545200.0,27063.012,3.6,303.841,5.08,20767.3,45.84691359272017,0.0060799181921588445,72.66696980586039,-0.160003662109375,82.39482641475195,75.34717416508204,77.82666524251302,77.34333292643228,76.41666920979817,75.93333689371744,78.75332895914713,79.23666127522786,80.16332499186197
124,2023-06-13,78.4489974975586,76.69999694824219,77.79000091552734,4122300.0,27063.012,3.6,303.841,5.08,20767.3,43.50865610542675,-0.02541624200444345,72.72576487417882,-0.1699981689453125,82.06481604375806,75.9631845971111,77.64633178710938,76.84366607666016,75.89733123779297,75.09466552734375,78.59266662597656,79.39533233642578,80.34166717529297
125,2023-06-14,78.80000305175781,77.4800033569336,78.52999877929688,3322600.0,27063.012,3.6,303.841,5.08,20767.3,48.20749095317198,-0.05295379831627576,72.7789632560698,-0.9800033569335938,82.05654472617576,76.04645591469338,78.27000172932942,77.74000040690103,76.9500020345052,76.42000071207681,79.06000010172525,79.59000142415364,80.37999979654947
126,2023-06-15,79.16999816894531,78.2249984741211,79.0999984741211,3277900.0,27063.012,3.6,303.841,5.08,20767.3,51.7727633483659,-0.06735190955558748,72.83560675383437,-0.7300033569335938,81.93895140390397,76.0440487792015,78.8316650390625,78.49333190917969,77.88666534423828,77.54833221435547,79.4383316040039,79.77666473388672,80.38333129882812
127,2023-06-16,80.0999984741211,78.48999786376953,78.6500015258789,5388200.0,27063.012,3.6,303.841,5.08,20767.3,48.71786432451861,-0.07978562825858318,72.92001089832262,-1.3199996948242188,81.87172085049173,76.00727924106101,79.07999928792317,78.06000010172525,77.46999867757161,76.44999949137369,79.67000071207681,80.68999989827473,81.28000132242838
128,2023-06-20,79.16000366210938,77.75,78.9000015258789,3151100.0,27063.012,3.6,303.841,5.08,20767.3,50.58689324262216,-0.08616585612188533,72.97035016615374,-1.589996337890625,81.84366530421006,75.9913353061415,78.60333506266277,78.04666646321616,77.19333140055339,76.63666280110678,79.45667012532553,80.01333872477214,80.8666737874349
129,2023-06-21,80.0,78.29000091552734,79.62000274658203,2805700.0,27063.012,3.6,303.841,5.08,20767.3,55.924957399501835,-0.07673382273660938,73.01982010701313,-3.30999755859375,81.88689896047586,76.00210174142845,79.30333455403645,78.60666910807291,77.5933354695638,76.89667002360025,80.31666819254556,81.01333363850911,82.02666727701822
130,2023-06-22,80.75,79.58000183105469,80.20999908447266,2229200.0,27063.012,3.6,303.841,5.08,20767.3,60.00966233509166,-0.04829747422092149,73.06207046999134,-0.2700042724609375,81.96792170458534,76.2230786616256,80.18000030517578,79.61000061035156,79.01000213623047,78.44000244140625,80.77999877929688,81.3499984741211,81.94999694824219
131,2023-06-23,80.3499984741211,79.01000213623047,79.81999969482422,7973000.0,27063.012,3.6,303.841,5.08,20767.3,56.04788812447045,-0.015552402305381137,73.20117596574606,2.0699996948242188,81.87949083522284,76.64050962254083,79.72666676839192,79.10333506266275,78.3866704305013,77.76333872477213,80.44333140055338,81.06666310628255,81.783327738444
132,2023-06-26,80.30000305175781,77.73999786376953,77.80000305175781,2500700.0,27063.012,3.6,303.841,5.08,20767.3,40.19063306620395,-0.014015676414359485,73.2306760136991,0.7000045776367188,81.83842315578198,76.47557754612231,78.61333465576172,76.92666625976562,76.05332946777344,74.36666107177734,79.4866714477539,81.17333984375,82.04667663574219
133,2023-06-27,78.3499984741211,76.19200134277344,77.06999969482422,3250400.0,27063.012,3.6,303.841,5.08,20767.3,35.949484009692455,-0.04373512755890922,73.26242278337813,-1.1999969482421875,81.91322622521491,76.26477441565422,77.20399983723958,76.05800120035806,75.04600270589192,73.90000406901041,78.21599833170572,79.36199696858723,80.37399546305338
134,2023-06-28,77.58999633789062,76.33999633789062,77.19000244140625,2920500.0,27063.012,3.6,303.841,5.08,20767.3,37.20634908625651,-0.08947314726146244,73.29138791534122,-0.5999984741210938,81.95925682328759,76.1417441532749,77.03999837239583,76.49000040690103,75.78999837239583,75.24000040690103,77.74000040690103,78.28999837239583,78.99000040690103
135,2023-06-29,78.69999694824219,77.1500015258789,78.68000030517578,1908200.0,27063.012,3.6,303.841,5.08,20767.3,50.985760352974324,-0.11887765974269437,73.31722874705453,0.15000152587890625,81.91383428806868,76.10416650538833,78.17666625976562,77.65333557128906,76.62667083740234,76.10334014892578,79.20333099365234,79.7266616821289,80.75332641601562
136,2023-06-30,81.41000366210938,79.31400299072266,81.23999786376953,3428300.0,27063.012,3.6,303.841,5.08,20767.3,65.84439067486608,-0.0953890010721727,73.38490492094604,2.1399993896484375,82.13287405619457,76.02612634053395,80.65466817220052,79.89933268229166,78.5586675008138,77.80333201090494,81.99533335367838,82.75066884358723,84.0913340250651
137,2023-07-01,81.41000366210938,79.31400299072266,81.23999786376953,3428300.0,27623.543,3.5,304.348,5.12,20745.3,65.84439067486608,-0.039761830906762594,73.4514347095371,2.589996337890625,82.32448595006268,75.96151411097249,80.65466817220052,79.89933268229166,78.5586675008138,77.80333201090494,81.99533335367838,82.75066884358723,84.0913340250651
138,2023-07-03,81.45999908447266,79.9000015258789,80.69000244140625,1086900.0,27623.543,3.5,304.348,5.12,20745.3,60.59055176601136,0.024408836971818337,73.47081961226459,1.7900009155273438,82.35351381431555,75.95248670448329,80.68333435058594,79.90666961669922,79.12333679199219,78.34667205810547,81.46666717529297,82.24333190917969,83.02666473388672
139,2023-07-05,81.29000091552734,79.93499755859375,80.6500015258789,2655900.0,27623.543,3.5,304.348,5.12,20745.3,60.18753483771653,0.08987664733301917,73.5174936500719,1.029998779296875,81.80613743291725,76.27186320795188,80.625,79.95999908447266,79.2699966430664,78.60499572753906,81.31500244140625,81.9800033569336,82.67000579833984
140,2023-07-06,80.2699966430664,79.0,79.12000274658203,2595900.0,27623.543,3.5,304.348,5.12,20745.3,46.52882871704368,0.12811046667884346,73.55286961236857,-1.089996337890625,81.65461798193803,76.28738259789594,79.46333312988281,78.65666961669922,78.1933364868164,77.38667297363281,79.92666625976562,80.73332977294922,81.19666290283203
141,2023-07-07,80.10800170898438,78.30000305175781,79.62000274658203,2892600.0,27623.543,3.5,304.348,5.12,20745.3,50.74376527367069,0.15495548638737583,73.59525973200441,-0.1999969482421875,81.69885186336161,76.43014899113057,79.34266916910808,78.57733662923178,77.53467051188152,76.76933797200522,80.38533528645834,81.15066782633464,82.1933339436849
142,2023-07-10,80.77999877929688,80.0,80.66000366210938,2263000.0,27623.543,3.5,304.348,5.12,20745.3,58.57978191788803,0.18949439913010335,73.63366636922659,2.8600006103515625,81.79785693431045,76.68714443898058,80.48000081380208,80.18000284830728,79.7000020345052,79.40000406901041,80.96000162760416,81.25999959309895,81.74000040690103
143,2023-07-11,81.44499969482422,80.20999908447266,81.26000213623047,1793100.0,27623.543,3.5,304.348,5.12,20745.3,62.54616587987245,0.23618583725411668,73.66637625380567,4.19000244140625,82.05537071906403,76.72863120354339,80.97166697184245,80.49833424886069,79.73666636149089,79.26333363850912,81.73333485921225,82.20666758219402,82.96833546956381
144,2023-07-12,82.66000366210938,81.29000091552734,81.69000244140625,2124800.0,27623.543,3.5,304.348,5.12,20745.3,65.29436907863754,0.2943686889438916,73.70695004746543,4.5,82.32650594011743,76.84749613507789,81.88000233968098,81.1000010172526,80.50999959309895,79.72999827067056,82.47000376383463,83.25000508626302,83.84000651041666
145,2023-07-13,82.0,80.9000015258789,81.4000015258789,1476300.0,27623.543,3.5,304.348,5.12,20745.3,61.76748651440686,0.3514063737825758,73.73388442480012,2.720001220703125,82.53673802523389,76.92426432461963,81.43333435058594,80.86666870117188,80.33333587646484,79.76667022705078,81.96666717529297,82.53333282470703,83.06666564941406
146,2023-07-14,82.16000366210938,81.2300033569336,81.81999969482422,1774100.0,27623.543,3.5,304.348,5.12,20745.3,64.93277036122873,0.41063617981441103,73.76776324646572,0.5800018310546875,82.80462219158903,76.9283802803348,81.73666890462239,81.31333414713541,80.80666859944661,80.38333384195963,82.24333445231119,82.66666920979817,83.17333475748697
147,2023-07-17,82.36000061035156,81.08000183105469,81.19000244140625,2343200.0,27623.543,3.5,304.348,5.12,20745.3,56.7946123729731,0.45714787948873864,73.80861003577033,-0.04999542236328125,82.92980180865051,77.05720075482604,81.5433349609375,80.72666931152344,80.26333618164062,79.44667053222656,82.00666809082031,82.82333374023438,83.28666687011719
148,2023-07-18,82.8949966430664,80.75,82.47000122070312,2844500.0,27623.543,3.5,304.348,5.12,20745.3,66.60633175259105,0.5126295967921592,73.86608986717923,1.779998779296875,83.25860744449292,77.08539508846607,82.03833262125652,81.18166859944662,79.89333597819011,79.03667195638022,83.32666524251303,84.18332926432292,85.47166188557944
149,2023-07-19,82.94000244140625,81.66000366210938,81.75,2781700.0,27623.543,3.5,304.348,5.12,20745.3,58.05011322570159,0.558169518558961,73.91692505892603,1.0999984741210938,83.43119211967564,77.12581013862513,82.11666870117188,81.2933349609375,80.836669921875,80.01333618164062,82.57333374023438,83.39666748046875,83.85333251953125
150,2023-07-20,83.1449966430664,81.80000305175781,81.8499984741211,3113900.0,27623.543,3.5,304.348,5.12,20745.3,58.896279158461795,0.5954140735498857,73.97377567359702,2.7299957275390625,83.59006417038378,77.13093802688184,82.26499938964844,81.38500213623047,80.92000579833984,80.04000854492188,82.72999572753906,83.60999298095703,84.07498931884766
151,2023-07-21,83.13999938964844,82.0199966430664,82.62999725341797,7697300.0,27623.543,3.5,304.348,5.12,20745.3,65.211750591334,0.6365941880926469,74.12444674313923,3.0099945068359375,83.87291392663398,77.129088026491,82.59666442871094,82.05332946777344,81.4766616821289,80.9333267211914,83.17333221435547,83.71666717529297,84.2933349609375
152,2023-07-24,82.68000030517578,80.2699966430664,80.62999725341797,4335700.0,27623.543,3.5,304.348,5.12,20745.3,44.83206884999198,0.644722546633539,74.18761066668405,-0.03000640869140625,83.76549999969315,77.51950137359786,81.19333140055339,79.706662495931,78.78332773844402,77.29665883382162,82.11666615804037,83.60333506266277,84.52666982014975
153,2023-07-25,82.3499984741211,78.58000183105469,80.20999908447266,4729500.0,27623.543,3.5,304.348,5.12,20745.3,41.67615937720276,0.6235383242600029,74.25072592216952,-1.0500030517578125,83.44559636431167,78.1534049479442,80.37999979654948,78.41000111897787,76.61000315348308,74.64000447591147,82.17999776204428,84.14999643961589,85.94999440511069
154,2023-07-26,80.30799865722656,77.29000091552734,77.43000030517578,4148600.0,27623.543,3.5,304.348,5.12,20745.3,27.10421063168276,0.5393176291429591,74.27968640148849,-4.260002136230469,83.38998775020244,78.23301334843038,78.34266662597656,76.37733459472656,75.32466888427734,73.35933685302734,79.39533233642578,81.36066436767578,82.413330078125
155,2023-07-27,78.87000274658203,76.25,76.86000061035156,3224700.0,27623.543,3.5,304.348,5.12,20745.3,25.033455830592004,0.40967865594116015,74.29782793040731,-4.540000915527344,83.71123258891802,77.72976854023236,77.32666778564453,75.78333282470703,74.7066650390625,73.163330078125,78.40333557128906,79.94667053222656,81.0233383178711
156,2023-07-28,78.31999969482422,76.88999938964844,77.87000274658203,2910100.0,27623.543,3.5,304.348,5.12,20745.3,35.1613963612337,0.27354852879749647,74.32034986910821,-3.9499969482421875,83.78908486722511,77.31491675020652,77.69333394368489,77.06666819254556,76.26333363850911,75.63666788736978,78.49666849772134,79.12333424886067,79.92666880289713
157,2023-07-31,78.02999877929688,76.2699966430664,78.0,3916200.0,27623.543,3.5,304.348,5.12,20745.3,36.43671807855207,0.14193659615051651,74.35130746918237,-3.19000244140625,83.80169524936679,76.97830658168789,77.43333180745442,76.83666483561197,75.67332967122395,75.0766626993815,78.59666697184244,79.19333394368489,80.35666910807291
158,2023-08-01,78.03500366210938,77.0999984741211,77.69000244140625,2126700.0,27623.543,3.8,306.269,5.33,20721.1,34.56600454413852,0.014786563061740088,74.366491923316,-4.779998779296875,83.85396119916427,76.62604063189042,77.60833485921223,77.1816660563151,76.67332967122395,76.24666086832681,78.11667124430338,78.54334004720052,79.05167643229166
159,2023-08-02,77.77999877929688,76.1500015258789,76.58999633789062,3073000.0,27623.543,3.8,306.269,5.33,20721.1,28.56199581186921,-0.12048507948145204,74.38100876175288,-5.160003662109375,83.99383666580601,76.08016464644984,76.83999888102214,75.8999989827474,75.21000162760417,74.27000172932944,77.52999623616537,78.46999613444011,79.15999348958334
160,2023-08-03,76.69000244140625,75.68000030517578,76.0199966430664,2053300.0,27623.543,3.8,306.269,5.33,20721.1,25.874815385927207,-0.26257542881839485,74.38812760119191,-5.8300018310546875,84.2150690925766,75.54893160932771,76.12999979654948,75.56999715169272,75.11999766031902,74.55999501546225,76.57999928792319,77.14000193277995,77.59000142415366
161,2023-08-04,76.79499816894531,75.6259994506836,75.9000015258789,1449600.0,27623.543,3.8,306.269,5.33,20721.1,25.29670718825983,-0.40280699006422993,74.39274944347197,-6.7299957275390625,84.3814605293428,75.01054005049119,76.10699971516927,75.41900126139322,74.93800099690755,74.2500025431315,76.58799997965494,77.27599843343098,77.75699869791666
162,2023-08-07,76.29000091552734,75.16999816894531,75.58999633789062,1668300.0,27623.543,3.8,306.269,5.33,20721.1,23.717108028205473,-0.538550201890452,74.39694687830381,-5.040000915527344,84.44616218462667,74.43883766278543,75.68333180745442,75.0766626993815,74.56332906087239,73.95665995279947,76.19666544596353,76.80333455403645,77.31666819254556
163,2023-08-08,75.47000122070312,73.31999969482422,73.93000030517578,2574900.0,27623.543,3.8,306.269,5.33,20721.1,17.11430696423571,-0.6896211221262862,74.39443377713344,-6.279998779296875,84.56899848615427,73.58300117815236,74.24000040690105,73.00999959309897,72.08999888102214,70.85999806722006,75.16000111897787,76.39000193277995,77.31000264485678
164,2023-08-09,74.87999725341797,73.41999816894531,73.91999816894531,3028400.0,27623.543,3.8,306.269,5.33,20721.1,17.08124568586868,-0.8409675579831029,74.3914495453044,-3.5100021362304688,84.4922999496752,72.88269928738534,74.07333119710286,73.26666514078775,72.6133321126302,71.8066660563151,74.72666422526041,75.53333028157552,76.18666330973306
165,2023-08-10,74.58000183105469,72.12000274658203,72.30000305175781,3681600.0,27623.543,3.8,306.269,5.33,20721.1,12.550342750767953,-1.0084821922066258,74.37557807790331,-4.55999755859375,84.5463367112575,71.91866267839093,73.00000254313152,71.42000325520834,70.54000345865886,68.96000417073569,73.880002339681,75.46000162760417,76.34000142415366
166,2023-08-11,72.13999938964844,70.86000061035156,71.58999633789062,2897100.0,27623.543,3.8,306.269,5.33,20721.1,11.065944712193712,-1.1863785535379927,74.35904219622283,-6.280006408691406,84.45467922870041,70.98731982525466,71.52999877929688,70.91999816894531,70.25,69.63999938964844,72.19999694824219,72.80999755859375,73.47999572753906
167,2023-08-14,71.87000274658203,70.8499984741211,71.80000305175781,2601100.0,27623.543,3.8,306.269,5.33,20721.1,14.516551326298057,-1.3554018279028108,74.34547552137225,-6.1999969482421875,84.27015461921222,70.23284449577802,71.50666809082031,71.1433334350586,70.48666381835938,70.12332916259766,72.16333770751953,72.52667236328125,73.18334197998047
168,2023-08-15,71.75,70.19000244140625,70.54000091552734,2476300.0,27623.543,3.8,306.269,5.33,20721.1,11.442928640818806,-1.5270165071668182,74.32636532695365,-7.150001525878906,83.83226516591733,69.47773391855532,70.82666778564453,69.90333557128906,69.26667022705078,68.34333801269531,71.46333312988281,72.38666534423828,73.02333068847656
169,2023-08-16,72.27999877929688,70.41999816894531,70.66999816894531,3697400.0,27623.543,3.8,306.269,5.33,20721.1,13.620187947717028,-1.6857046939934706,74.29915366712724,-5.9199981689453125,83.3326595709431,68.86933933042408,71.12333170572917,69.96666463216147,69.26333109537761,68.1066640218099,71.82666524251303,72.98333231608073,73.68666585286459
170,2023-08-17,70.80000305175781,68.23999786376953,68.38999938964844,3791900.0,27623.543,3.8,306.269,5.33,20721.1,9.09499070304281,-1.8605060957347679,74.25439379437226,-7.629997253417969,82.90794133205027,67.94805766086965,69.1433334350586,67.48666381835938,66.58332824707031,64.9266586303711,70.04666900634766,71.70333862304688,72.60667419433594
171,2023-08-18,68.75,67.8949966430664,68.36000061035156,2911000.0,27623.543,3.8,306.269,5.33,20721.1,9.049346199070882,-2.0324817133639765,74.22031612827668,-7.540000915527344,82.02226717142948,67.40673215718381,68.33499908447266,67.91999816894531,67.47999572753906,67.06499481201172,68.7750015258789,69.19000244140625,69.6300048828125
172,2023-08-21,69.5,68.5999984741211,68.97000122070312,2807800.0,27623.543,3.8,306.269,5.33,20721.1,18.63059200579039,-2.179306297780373,74.19120057941223,-6.6199951171875,81.3115136212546,66.95148610408718,69.02333323160808,68.54666646321616,68.12333170572917,67.64666493733725,69.44666798909506,69.92333475748698,70.34666951497397
173,2023-08-22,69.4000015258789,68.66999816894531,68.93000030517578,2170100.0,27623.543,3.8,306.269,5.33,20721.1,18.483264982150928,-2.2983410258681305,74.16874725624139,-5.0,80.50512221786605,66.62987762954606,69.0,68.5999984741211,68.2699966430664,67.8699951171875,69.33000183105469,69.7300033569336,70.06000518798828
174,2023-08-23,69.52999877929688,68.80999755859375,68.98999786376953,2079500.0,27623.543,3.8,306.269,5.33,20721.1,19.583817486385044,-2.3875220031355617,74.147654787155,-4.930000305175781,80.12054250755055,66.17045709572092,69.10999806722005,68.68999735514322,68.38999684651692,67.9699961344401,69.40999857584634,69.82999928792317,70.12999979654947
175,2023-08-24,69.79000091552734,68.23999786376953,68.43000030517578,2623200.0,27623.543,3.8,306.269,5.33,20721.1,17.097797475474565,-2.4568090019512083,74.11842892593255,-3.8700027465820312,79.77238104951655,65.67561852323735,68.81999969482422,67.8499984741211,67.2699966430664,66.29999542236328,69.4000015258789,70.37000274658203,70.95000457763672
176,2023-08-25,68.88999938964844,67.61000061035156,68.58999633789062,3096600.0,27623.543,3.8,306.269,5.33,20721.1,20.427763621241894,-2.501842493580635,74.08527060816931,-3.0,79.1007624988462,65.41923643303858,68.3633321126302,67.83666483561197,67.08333333333333,66.5566660563151,69.11666361490884,69.64333089192708,70.39666239420572
177,2023-08-28,69.66000366210938,68.76000213623047,69.30999755859375,2438700.0,27623.543,3.8,306.269,5.33,20721.1,34.159848950769856,-2.512124222652363,74.06282065756689,-2.4900054931640625,78.2205678821563,65.43043080558783,69.2433344523112,68.82666524251303,68.3433329264323,67.92666371663412,69.72666676839194,70.14333597819011,70.62666829427084
178,2023-08-29,70.5,69.33000183105469,70.4800033569336,2044300.0,27623.543,3.8,306.269,5.33,20721.1,50.25589592217407,-2.4756928365490514,74.04875629951283,-0.05999755859375,77.25208194113917,65.67791683815771,70.10333506266277,69.70667012532553,68.93333689371745,68.53667195638022,70.87666829427084,71.27333323160808,72.04666646321616
179,2023-08-30,70.98999786376953,70.2300033569336,70.38999938964844,1889200.0,27623.543,3.8,306.269,5.33,20721.1,49.18852887201273,-2.4076857242729495,74.03553148813978,-0.279998779296875,76.42751166389634,65.88248742057631,70.53666687011719,70.08333587646484,69.77667236328125,69.3233413696289,70.84333038330078,71.29666137695312,71.60332489013672
180,2023-08-31,71.12999725341797,69.86100006103516,70.44999694824219,3573300.0,27623.543,3.8,306.269,5.33,20721.1,50.00524484648555,-2.31700777496073,74.01118466283076,2.05999755859375,75.62988419945358,66.12311491553666,70.48033142089844,69.8306655883789,69.21133422851562,68.5616683959961,71.09966278076172,71.74932861328125,72.36865997314453
181,2023-09-01,71.0199966430664,69.0999984741211,69.25,2096700.0,27623.543,3.8,307.481,5.33,20699.3,36.47515008068649,-2.2307379931971907,73.9922898176969,0.8899993896484375,74.71213586024325,66.37586310215909,69.78999837239583,68.56000010172525,67.87000020345052,66.64000193277994,70.47999827067056,71.70999654134114,72.39999643961588
182,2023-09-05,69.16000366210938,67.41000366210938,67.66000366210938,3773500.0,27623.543,3.8,307.481,5.33,20699.3,25.801827472014736,-2.172036729789172,73.94738364132759,-1.30999755859375,73.76717045085591,66.5278292439683,68.07667032877605,66.99333699544272,66.32667032877605,65.24333699544272,68.74333699544272,69.82667032877605,70.49333699544272
183,2023-09-06,68.19999694824219,66.05999755859375,66.9800033569336,3140100.0,27623.543,3.8,307.481,5.33,20699.3,22.546186310082703,-2.139590593475386,73.90650854082533,-1.9499969482421875,73.21960828760126,66.38039171239873,67.07999928792317,65.96000162760416,64.93999989827473,63.82000223795572,68.1000010172526,69.21999867757161,70.24000040690103
184,2023-09-07,68.16999816894531,65.83000183105469,65.9000015258789,2836900.0,27623.543,3.8,307.481,5.33,20699.3,18.311879867590676,-2.1376557809451637,73.86429641745215,-3.089996337890625,72.66170036928757,66.13629996640579,66.63333384195964,65.09666951497397,64.29333750406902,62.75667317708334,67.43666585286459,68.97333017985027,69.77666219075522
185,2023-09-08,65.98999786376953,64.72000122070312,64.9000015258789,3103100.0,27623.543,3.8,307.481,5.33,20699.3,15.25167705738724,-2.1660285671562067,73.81289623855271,-3.529998779296875,72.57276941367904,65.48523076942642,65.20333353678386,64.41666920979819,63.93333689371745,63.14667256673178,65.68666585286459,66.47333017985027,66.956662495931
186,2023-09-11,67.3499984741211,65.19999694824219,66.62000274658203,3630500.0,27623.543,3.8,307.481,5.33,20699.3,36.358919021304665,-2.179531788601247,73.76496495034017,-1.9699935913085938,72.2646435720632,65.2963572519114,66.38999938964844,65.43000030517578,64.23999786376953,63.279998779296875,67.58000183105469,68.54000091552734,69.7300033569336
187,2023-09-12,66.62000274658203,65.22000122070312,65.4000015258789,2381800.0,27623.543,3.8,307.481,5.33,20699.3,30.202564595107475,-2.1975040068609486,73.72855468167681,-3.9099960327148438,71.95256140588876,64.96843926549795,65.74666849772136,64.87333424886069,64.34666697184245,63.47333272298178,66.27333577473959,67.14667002360027,67.6733373006185
188,2023-09-13,65.94000244140625,64.20999908447266,64.52999877929688,3612800.0,27623.543,3.8,307.481,5.33,20699.3,26.509234657122605,-2.226207001925828,73.66822095117689,-5.950004577636719,71.92248382912047,64.39751662864322,64.8933334350586,63.84666442871094,63.163330078125,62.116661071777344,65.57666778564453,66.62333679199219,67.30667114257812
189,2023-09-14,66.05999755859375,64.56999969482422,66.0,3945100.0,27623.543,3.8,307.481,5.33,20699.3,40.65702401088761,-2.231604194570388,73.61368915974153,-4.3899993896484375,71.61195996282598,64.24104067804316,65.54333241780598,65.02666727701822,64.05333455403645,63.53666941324869,66.51666514078775,67.03333028157552,68.00666300455728
190,2023-09-15,66.5,65.58000183105469,66.43000030517578,6711100.0,27623.543,3.8,307.481,5.33,20699.3,44.27765429970143,-2.210164150913605,73.52782418239842,-4.019996643066406,71.56593578786757,64.09106494455429,66.17000071207683,65.84000142415366,65.25000254313152,64.92000325520834,66.75999959309897,67.08999888102214,67.67999776204428
191,2023-09-18,66.98999786376953,65.87000274658203,66.27999877929688,3205300.0,27623.543,3.8,307.481,5.33,20699.3,43.2163551554127,-2.1703827455507843,73.48668278871772,-2.970001220703125,71.5150440780777,63.9339564712387,66.37999979654948,65.77000172932944,65.26000467936198,64.65000661214194,66.88999684651694,67.49999491373698,68.00999196370444
192,2023-09-19,66.75,65.3499984741211,66.12000274658203,3160400.0,27623.543,3.8,307.481,5.33,20699.3,41.978024430269784,-2.1187966389632056,73.44568196857442,-1.5400009155273438,71.38964007276013,63.774360629144155,66.07333374023438,65.39666748046875,64.67333221435547,63.996665954589844,66.79666900634766,67.47333526611328,68.19667053222656
193,2023-09-20,66.80000305175781,64.9000015258789,65.01000213623047,1796400.0,27623.543,3.8,307.481,5.33,20699.3,34.14576197965455,-2.0753960486108483,73.41907900301794,-1.970001220703125,71.30345995360844,63.46854093140132,65.57000223795573,64.34000142415366,63.67000071207683,62.43999989827475,66.24000295003256,67.47000376383464,68.14000447591147
194,2023-09-21,64.88999938964844,63.790000915527344,63.88999938964844,2172500.0,27623.543,3.8,307.481,5.33,20699.3,28.052145749170435,-2.0525398542020867,73.38287434389413,-2.0100021362304688,71.26671249244957,62.99528854514808,64.18999989827473,63.49000040690103,63.09000142415364,62.39000193277994,64.58999888102213,65.28999837239583,65.68999735514322
195,2023-09-22,64.80500030517578,63.73600006103516,64.33000183105469,2277800.0,27623.543,3.8,307.481,5.33,20699.3,33.4367835493199,-2.032060513153657,73.3469549398771,-0.5699996948242188,71.19491474501274,62.657086445172816,64.2903340657552,63.775667826334626,63.221333821614586,62.70666758219401,64.84466807047525,65.35933430989581,65.91366831461586
196,2023-09-25,67.04000091552734,64.0,66.4800033569336,3214500.0,27623.543,3.8,307.481,5.33,20699.3,53.189074231813834,-1.9752110030428904,73.30871831555207,-0.1399993896484375,71.01999117268957,62.62101071940026,65.84000142415364,64.64000193277994,62.8000005086263,61.600001017252595,67.68000284830728,68.88000233968098,70.72000376383463
197,2023-09-26,67.40499877929688,66.12000274658203,66.20999908447266,3619900.0,27623.543,3.8,307.481,5.33,20699.3,50.996262764246275,-1.8983513758827515,73.26448352432688,0.80999755859375,70.70385089090783,62.62715115376992,66.57833353678386,65.75166829427084,65.29333750406902,64.466672261556,67.03666432698569,67.8633295694987,68.32166035970053
198,2023-09-27,68.41100311279297,66.1500015258789,68.27999877929688,5470000.0,27623.543,3.8,307.481,5.33,20699.3,64.09172774422774,-1.7756265407373215,73.21798654443259,3.75,70.26263345841589,62.848368128498166,67.61366780598958,66.81633249918619,65.35266621907552,64.55533091227213,69.07733408610025,69.87466939290364,71.33833567301431
199,2023-09-28,70.58000183105469,68.01000213623047,69.77999877929688,4817700.0,27623.543,3.8,307.481,5.33,20699.3,70.64974412586388,-1.6026090844446608,73.18997044495251,3.779998779296875,70.10723345597157,62.94276806990734,69.45666758219402,68.33333333333334,66.8866678873698,65.76333363850912,70.90333302815756,72.02666727701823,73.47333272298178
200,2023-09-29,70.19999694824219,67.93000030517578,68.04000091552734,3145800.0,27623.543,3.8,307.481,5.33,20699.3,56.772034179580906,-1.431247027903989,73.16271240670446,1.6100006103515625,69.56854513998917,63.24045678261825,68.72333272298177,67.24666849772134,66.45333607991536,64.97667185465494,69.51666514078775,70.99332936604817,71.78666178385416
201,2023-10-02,68.66000366210938,67.56999969482422,67.83999633789062,1942100.0,27623.543,3.8,307.481,5.33,20699.3,55.33054531840043,-1.2698344807599793,73.14537648546532,1.55999755859375,69.28687486833023,63.38112668806626,68.02333323160808,67.38666280110678,66.93332926432292,66.29665883382162,68.47666676839194,69.11333719889323,69.56667073567709
202,2023-10-03,67.52999877929688,66.4000015258789,66.9800033569336,2726100.0,27623.543,3.8,307.481,5.33,20699.3,49.14017776422672,-1.1339460818879534,73.1173181296871,0.8600006103515625,69.203841278919,63.3961602469599,66.97000122070312,66.41000366210938,65.84000396728516,65.2800064086914,67.54000091552734,68.0999984741211,68.66999816894531
203,2023-10-04,68.06999969482422,66.47000122070312,67.87999725341797,2084400.0,27623.543,3.8,307.481,5.33,20699.3,55.193392894258764,-1.0042358496064092,73.0991570056524,2.8699951171875,69.32022666613175,63.369774249395604,67.47333272298177,66.87666575113931,65.87333424886067,65.27666727701822,68.47666422526041,69.07333119710286,70.0766626993815
204,2023-10-05,68.68000030517578,66.62699890136719,67.5999984741211,1894300.0,27623.543,3.8,307.481,5.33,20699.3,52.93190995088606,-0.8873759575193472,73.08188149077073,3.7099990844726562,69.44851714897916,63.4114834613724,67.63566589355469,66.5913314819336,65.5826644897461,64.538330078125,68.64433288574219,69.68866729736328,70.69733428955078
205,2023-10-06,68.98999786376953,66.6500015258789,68.45999908447266,2318600.0,27623.543,3.8,307.481,5.33,20699.3,58.90003848443611,-0.7689530815952603,73.06417779228161,4.129997253417969,69.66623078079222,63.54976958541872,68.03333282470703,67.07666778564453,65.6933364868164,64.7366714477539,69.41666412353516,70.37332916259766,71.75666046142578
206,2023-10-09,68.08000183105469,67.18000030517578,67.80000305175781,1600300.0,27623.543,3.8,307.481,5.33,20699.3,52.95433086367402,-0.6645357321406468,73.05029731716797,1.3199996948242188,69.7713870803619,63.56261331636663,67.6866683959961,67.2933349609375,66.78666687011719,66.3933334350586,68.1933364868164,68.586669921875,69.09333801269531
207,2023-10-10,68.62999725341797,67.61000061035156,68.19000244140625,2209000.0,27623.543,3.8,307.481,5.33,20699.3,55.983829327635405,-0.5666336815051333,73.03267134327967,1.9800033569335938,69.92188921294878,63.69111127533246,68.1433334350586,67.65666961669922,67.12333679199219,66.63667297363281,68.67666625976562,69.163330078125,69.69666290283203
208,2023-10-11,68.30999755859375,67.04000091552734,67.77999877929688,2032900.0,27623.543,3.8,307.481,5.33,20699.3,51.92761254535225,-0.4831973774066673,73.01519928285498,-0.5,69.919074123916,64.01892636436526,67.70999908447266,67.11000061035156,66.44000244140625,65.84000396728516,68.37999725341797,68.97999572753906,69.64999389648438
209,2023-10-12,67.91000366210938,66.16999816894531,66.51000213623047,2252100.0,27623.543,3.8,307.481,5.33,20699.3,41.24665801513873,-0.4323625420626449,72.99131575455269,-3.2699966430664062,69.91800431159879,64.07099639030551,66.86333465576172,65.81666564941406,65.12332916259766,64.07666015625,67.55667114257812,68.60334014892578,69.29667663574219
210,2023-10-13,67.63999938964844,66.05999755859375,67.12000274658203,1984200.0,27623.543,3.8,307.481,5.33,20699.3,47.25890056261947,-0.3939088766465091,72.97238497578887,-0.9199981689453125,69.94071704283138,64.11728390321355,66.93999989827473,66.24000040690103,65.35999806722005,64.65999857584634,67.82000223795572,68.52000172932942,69.40000406901041
211,2023-10-16,67.69000244140625,66.33000183105469,66.87999725341797,1951500.0,27623.543,3.8,307.481,5.33,20699.3,45.16090127117156,-0.3681626428206693,72.95312619196622,-0.9599990844726562,69.95051764851596,64.16748314494109,66.96666717529297,66.24333190917969,65.6066665649414,64.88333129882812,67.60333251953125,68.32666778564453,68.96333312988281
212,2023-10-17,67.41000366210938,66.06999969482422,66.80000305175781,1596000.0,27623.543,3.8,307.481,5.33,20699.3,44.40281700989103,-0.35216798468514543,72.93725973555401,-0.18000030517578125,69.9538572986945,64.23214352528011,66.76000213623047,66.11000061035156,65.41999816894531,64.7699966430664,67.45000457763672,68.10000610351562,68.79000854492188
213,2023-10-18,66.4800033569336,65.08999633789062,65.2300033569336,1917700.0,27623.543,3.8,307.481,5.33,20699.3,32.17268483522069,-0.3673696577884527,72.91345362739544,-2.649993896484375,69.93264497945911,64.27535596658582,65.60000101725261,64.71999867757162,64.20999399820964,63.329991658528655,66.11000569661459,66.99000803629558,67.50001271565756
214,2023-10-19,66.66999816894531,64.83999633789062,65.44999694824219,1669200.0,27623.543,3.8,307.481,5.33,20699.3,35.06444041790836,-0.39698051109086063,72.89344163773067,-2.1500015258789062,69.70724495025391,64.6567557516504,65.65333048502605,64.63666280110678,63.82332865397136,62.80666097005209,66.46666463216147,67.48333231608073,68.29666646321616
215,2023-10-20,65.52999877929688,63.86000061035156,64.05000305175781,2575000.0,27623.543,3.8,307.481,5.33,20699.3,26.70446709655323,-0.4555017956026044,72.85701261014512,-4.409996032714844,69.76198851887807,64.57401230509655,64.48000081380208,63.43000284830728,62.810002644856766,61.76000467936197,65.1000010172526,66.14999898274739,66.76999918619791
216,2023-10-23,64.54000091552734,63.36000061035156,63.9900016784668,2412500.0,27623.543,3.8,307.481,5.33,20699.3,26.393285156638726,-0.5289949020088929,72.82292309144614,-3.8100013732910156,69.99139908028295,64.095601575845,63.96333440144857,63.386667887369796,62.78333409627279,62.206667582194015,64.56666819254558,65.14333470662436,65.74666849772136
217,2023-10-24,65.05999755859375,63.959999084472656,64.66999816894531,2511200.0,27623.543,3.8,307.481,5.33,20699.3,36.126271686498335,-0.5959647930038923,72.79042659437462,-3.5200042724609375,70.08176715566148,63.851233408913714,64.5633316040039,64.06666564941406,63.46333312988281,62.96666717529297,65.16666412353516,65.663330078125,66.26666259765625
218,2023-10-25,64.98999786376953,63.97999954223633,64.51000213623047,3179600.0,27623.543,3.8,307.481,5.33,20699.3,34.87432747081341,-0.6565297055487762,72.74884696488466,-3.2699966430664062,70.01257282548671,63.54342807478183,64.49333318074544,63.996668497721345,63.483334859212235,62.98667017618814,65.00666681925455,65.50333150227864,66.01666514078775
219,2023-10-26,64.73999786376953,63.58000183105469,63.90999984741211,3484900.0,27623.543,3.8,307.481,5.33,20699.3,30.326757293751044,-0.7179815109799609,72.70046785812664,-2.6000022888183594,69.63635097955598,63.33265002752408,64.07666651407878,63.41333516438803,62.91667048136394,62.25333913167319,64.57333119710287,65.23666254679362,65.73332722981772
220,2023-10-27,64.31999969482422,62.720001220703125,63.09999847412109,2605900.0,27623.543,3.8,307.481,5.33,20699.3,25.206744142843732,-0.7880544722421947,72.66133440012318,-4.020004272460945,69.64035856121438,62.834642201725075,63.37999979654948,62.439999898274735,61.78000132242838,60.84000142415364,64.03999837239583,64.97999827067056,65.63999684651692
